334.45,-0.0015847,0,3.2937,0.038632,837.33,0,7.9235E-07,1,3,0,4,5,0,10,6,3
334.46,-0.0021129,0,3.2875,0.046541,837.46,0,1.0565E-06,1,3,0,4,5,0,10,6,3
334.47,-0.0010716,0,3.2812,0.061647,837.58,0,-5.3578E-07,1,3,0,4,5,0,10,6,3
334.48,-3.0185E-05,0,3.275,0.085175,837.69,0,-4.5277E-08,1,3,0,4,5,0,10,6,3
334.49,-0.00065652,0,3.2688,0.11719,837.8,0,3.2826E-07,1,3,0,4,5,0,10,6,3
334.5,-0.0012828,0,3.2625,0.15594,837.89,0,6.4142E-07,1,3,0,4,5,0,10,6,3
334.51,-0.0010263,0,3.2563,0.1973,837.97,0,1.5394E-06,1,3,0,4,5,0,10,6,3
334.52,-0.00076971,0,3.2501,0.23445,838.04,0,1.1546E-06,1,3,0,4,5,0,10,6,3
334.53,-0.0015922,0,3.2441,0.25802,838.1,0,-7.9612E-07,1,3,0,4,5,0,10,6,3
334.54,-0.00084517,0,3.2382,0.2568,838.15,0,-4.2258E-07,1,3,0,4,5,0,10,6,3
334.55,0,0,3.2325,0.21923,838.19,0,0,1,3,0,4,5,0,10,6,3
334.56,32.299,0,3.1464,0.13546,821.76,0,-0.01615,1,3,0,4,5,0,10,6,3
334.57,32.299,0,0,0,0,0,0.01615,1,3,0,4,5,0,10,6,3
334.58,32.301,0,0,0,0,0,0.016151,1,3,0,4,5,0,10,6,3
334.59,32.304,0,0,0,0,0,-0.016152,1,3,0,4,5,0,10,6,3
334.6,32.305,0,0,0,0,0,-0.016153,1,3,0,4,5,0,10,6,3
334.61,32.307,0,0,0,0,0,-0.016154,1,3,0,4,5,0,10,6,3
334.62,32.31,0,0,0,0,0,-0.016155,1,3,0,4,5,0,10,6,3
334.63,32.312,0,0,0,0,0,-0.016156,1,3,0,4,5,0,10,6,3
334.64,32.312,0,0,0,0,0,0.016156,1,3,0,4,5,0,10,6,3
334.65,32.315,0,0,0,0,0,0.016157,1,3,0,4,5,0,10,6,3
334.66,32.317,0,0,0,0,0,0.016159,1,3,0,4,5,0,10,6,3
334.67,32.319,0,0,0,0,0,0.01616,1,3,0,4,5,0,10,6,3
334.68,32.321,0,0,0,0,0,-0.01616,1,3,0,4,5,0,10,6,3
334.69,32.323,0,0,0,0,0,-0.016162,1,3,0,4,5,0,10,6,3
334.7,32.325,0,0,0,0,0,0.016163,1,3,0,4,5,0,10,6,3
334.71,32.326,0,0,0,0,0,0.016163,1,3,0,4,5,0,10,6,3
0.288,0.0070632,0,-1,0.06021,-1,0.15107,-3.5316E-06,0,3,0,3,3,0,10,7,5
0.298,0.0080442,0,-1,0.061433,-1,0.15287,-4.0221E-06,0,3,0,3,3,0,10,7,5
0.308,0.0082404,0,-1,0.062683,-1,0.15466,-4.1202E-06,0,3,0,3,3,0,10,7,5
0.317,0.0093195,0,-1,0.06395,-1,0.15647,-4.6598E-06,0,3,0,3,3,0,10,7,5
0.328,0.0093195,0,-1,0.065221,-1,0.15826,-4.6598E-06,0,3,0,3,3,0,10,7,5
0.338,0.0093195,0,-1,0.066481,-1,0.16007,-4.6598E-06,0,3,0,3,3,0,10,7,5
0.348,0.010202,0,-1,0.067713,-1,0.16186,-1.5304E-05,0,3,0,3,3,0,10,7,5
703.55,0.76363,0,7.1523,0.34619,991.72,1.8511,-0.0072545,0,3,0,0,2,0,10,5,5
703.56,0.76048,0,7.2039,0.35385,997.57,1.8574,-0.0072245,0,3,0,0,2,0,10,5,5
703.57,0.75742,0,7.2536,0.36155,1003.4,1.7581,-0.0079529,0,3,0,0,2,0,10,5,5
703.58,0.75662,0,7.3012,0.36942,1009.3,1.7631,-0.0079446,0,3,0,0,2,0,10,5,5
703.59,0.75445,0,7.3468,0.3776,1015.1,1.768,-0.0079218,0,3,0,0,2,0,10,5,5
703.6,0.75444,0,7.3904,0.38627,1021,1.7729,-0.0079216,0,3,0,0,2,0,10,5,5
703.61,0.75423,0,7.4319,0.39569,1026.8,1.7778,-0.0071652,0,3,0,0,2,0,10,5,5
703.62,0.75353,0,7.4715,0.40613,1032.5,1.7827,-0.0071586,0,3,0,0,2,0,10,5,5
703.63,0.75489,0,7.509,0.41792,1038.1,1.7876,-0.0056617,0,3,0,0,2,0,10,5,5
703.64,0.7541,0,7.5445,0.43138,1043.6,1.7924,-0.0056557,0,3,0,0,2,0,10,5,5
703.65,0.75526,0,7.578,0.44683,1048.9,1.7973,-0.0033987,0,3,0,0,2,0,10,5,5
703.66,0.75701,0,7.6095,0.46455,1054,1.8022,-0.0034066,0,3,0,0,2,0,10,5,5
703.67,0.75739,0,7.639,0.48475,1059.1,1.807,-0.0011361,0,3,0,0,2,0,10,5,5
703.68,0.76091,0,7.6664,0.50754,1064,1.8118,-0.0011414,0,3,0,0,2,0,10,5,5
703.69,0.76316,0,7.6918,0.53295,1068.8,1.8166,0.00038158,0,3,0,0,2,0,10,5,5
703.7,0.76579,0,7.7153,0.56087,1073.4,1.8214,0.0003829,0,3,0,0,2,0,10,5,5
703.71,0.76911,0,7.7367,0.59112,1078,1.8262,0.0026919,0,3,0,0,2,0,10,5,5
703.72,0.77077,0,7.756,0.6234,1082.3,1.831,0.0026977,0,3,0,0,2,0,10,5,5
703.73,0.77654,0,7.7734,0.65737,1086.6,1.8357,0.0027179,0,3,0,0,2,0,10,5,5
703.74,0.77977,0,7.7887,0.69265,1090.7,1.8405,0.0027292,0,3,0,0,2,0,10,5,5
703.75,0.78299,0,7.8021,0.72887,1094.7,1.8452,0.0019575,0,3,0,0,2,0,10,5,5
703.76,0.78897,0,7.8134,0.76569,1098.5,1.8499,0.0019724,0,3,0,0,2,0,10,5,5
703.77,0.79258,0,7.8227,0.80283,1102.2,1.8547,0.00039629,0,3,0,0,2,0,10,5,5
703.78,0.79826,0,7.83,0.84011,1105.8,1.8593,0.00039913,0,3,0,0,2,0,10,5,5
703.79,0.80394,0,7.8352,0.87741,1109.3,1.864,-0.0012059,0,3,0,0,2,0,10,5,5
703.8,0.80824,0,7.8385,0.91469,1112.6,1.8687,-0.0012124,0,3,0,0,2,0,10,5,5
703.81,0.81568,0,7.8397,0.95199,1115.8,1.7907,-0.0028549,0,3,0,0,2,0,10,5,5
703.82,0.82165,0,7.8389,0.98937,1118.8,1.7964,-0.0028758,0,3,0,0,2,0,10,5,5
703.83,0.82704,0,7.8361,1.0273,1121.7,1.802,-0.0037217,0,3,0,0,2,0,10,5,5
703.84,0.83615,0,7.8313,1.0653,1124.5,1.8076,-0.0037627,0,3,0,0,2,0,10,5,5
703.85,0.843,0,7.8244,1.1037,1127.2,1.8132,-0.0071655,0,3,0,0,2,0,10,5,5
703.86,0.85221,0,7.8156,1.1421,1129.7,1.8187,-0.0072438,0,3,0,0,2,0,10,5,5
703.87,0.86201,0,7.8047,1.1806,1132.1,1.8242,-0.010775,0,3,0,0,2,0,10,5,5
703.88,0.86935,0,7.7918,1.219,1134.3,1.8297,-0.010867,0,3,0,0,2,0,10,5,5
703.89,0.88023,0,7.7769,1.2569,1136.4,1.8351,-0.011883,0,3,0,0,2,0,10,5,5
703.9,0.89032,0,7.76,1.294,1138.4,1.8405,-0.012019,0,3,0,0,2,0,10,5,5
703.91,0.89825,0,7.7431,1.3301,1140.3,1.8459,-0.011228,0,3,0,0,2,0,10,5,5
703.92,0.90962,0,7.7262,1.3647,1142,1.8512,-0.01137,0,3,0,0,2,0,10,5,5
703.93,0.92148,0,7.7092,1.3977,1143.6,1.8565,-0.013361,0,3,0,0,2,0,10,5,5
703.94,0.93069,0,7.6923,1.4287,1145,1.8617,-0.013495,0,3,0,0,2,0,10,5,5
703.95,0.94225,0,7.6754,1.4577,1146.3,1.867,-0.01272,0,3,0,0,2,0,10,5,5
703.96,0.95381,0,7.6585,1.4845,1147.5,1.8722,-0.012876,0,3,0,0,2,0,10,5,5
703.97,0.96969,0,7.6415,1.5091,1148.6,1.8774,-0.012121,0,3,0,0,2,0,10,5,5
703.98,0.98096,0,7.6246,1.5318,1149.5,1.8825,-0.012262,0,3,0,0,2,0,10,5,5
703.99,0.99154,0,7.6077,1.5525,1150.3,1.8877,-0.012394,0,3,0,0,2,0,10,5,5
704,1.0082,0,7.5908,1.5717,1150.9,1.8927,-0.009578,0,3,0,0,2,0,10,5,5
704.01,1.0207,0,7.5738,1.5895,1151.4,1.8977,-0.0096962,0,3,0,0,2,0,10,5,5
704.02,1.0305,0,7.5569,1.6061,1151.8,1.9027,-0.0087597,0,3,0,0,2,0,10,5,5
704.03,1.0485,0,7.54,1.6219,1152.1,1.9077,-0.0057667,0,3,0,0,2,0,10,5,5
704.04,1.0624,0,7.5231,1.6369,1152.2,1.9126,-0.0058432,0,3,0,0,2,0,10,5,5
704.05,1.0724,0,7.5067,1.6515,1152.2,1.9175,-0.0037534,0,3,0,0,2,0,10,5,5
704.06,1.0875,0,7.4909,1.6657,1152,1.9222,-0.0038062,0,3,0,0,2,0,10,5,5
704.07,1.1036,0,7.4756,1.6799,1151.7,1.9269,-0.0027589,0,3,0,0,2,0,10,5,5
704.08,1.1111,0,7.4608,1.6937,1151.3,1.9317,-0.0027778,0,3,0,0,2,0,10,5,5
704.09,1.1293,0,7.4466,1.7073,1150.8,1.9364,0.00056463,0,3,0,0,2,0,10,5,5
704.1,1.1567,0,7.4329,1.7206,1150.1,1.9411,0.00057836,0,3,0,0,2,0,10,5,5
704.11,1.1743,0,7.4198,1.7334,1149.2,1.9457,0.00411,0,3,0,0,2,0,10,5,5
704.12,1.1897,0,7.4072,1.7458,1148.3,1.9503,0.0041639,0,3,0,0,2,0,10,5,5
1801.1,0,0,4.3,-0.00067832,819.21,0,0,0,3,1,0,2,0,10,4,5
1801.2,0,0,4.3,-0.00048211,819.27,0,0,0,3,1,0,2,0,10,4,5
1801.2,0,0,4.3,-0.00029655,819.33,0,0,0,3,1,0,2,0,10,4,5
1801.2,0,0,4.1961,-0.00013304,803.29,0,0,0,3,1,0,2,0,10,4,5
1801.2,0,0,0,0,0,0,0,0,3,1,0,2,0,10,4,5
1801.2,0,0,0,0,0,0,0,0,3,1,0,2,0,10,4,5
1801.2,0,0,0,0,0,0,0,0,3,1,0,2,0,10,4,5
1801.2,0,0,0,0,0,0,0,0,3,1,0,2,0,10,4,5
1801.2,0,0,0,0,0,0,0,0,3,1,0,2,0,10,4,5
1801.2,0,0,0,0,0,0,0,0,3,1,0,2,0,10,4,5
1801.2,0,0,0,0,0,0,0,0,3,1,0,2,0,10,4,5
1801.2,0,0,0,0,0,0,0,0,3,1,0,2,0,10,4,5
1801.3,0,0,0,0,0,0,0,0,3,1,0,2,0,10,4,5
1801.3,0,0,0,0,0,0,0,0,3,1,0,2,0,10,4,5
1801.3,0,0,0,0,0,0,0,0,3,1,0,2,0,10,4,5
1801.3,0,0,0,0,0,0,0,0,3,1,0,2,0,10,4,5
1801.3,0,0,0,0,0,0,0,0,3,1,0,2,0,10,4,5
1801.3,0,0,0,0,0,0,0,0,3,1,0,2,0,10,4,5
1801.3,0,0,0,0,0,0,0,0,3,1,0,2,0,10,4,5
1801.3,0,0,0,0,0,0,0,0,3,1,0,2,0,10,4,5
1801.3,0,0,0,0,0,0,0,0,3,1,0,2,0,10,4,5
1801.3,0,0,0,0,0,0,0,0,3,1,0,2,0,10,4,5
0.019,0,0,0,0,0,-0.34148,0,0,3,0,5,6,0,9,5,0
0.027,0,0,0,0,0,-0.35204,0,0,3,0,5,6,0,9,5,0
0.038,0,0,0,0,0,-0.3627,0,0,3,0,5,6,0,9,5,0
0.047,0,0,0,0,0,-0.37343,0,0,3,0,5,6,0,9,5,0
0.057,0,0,0,0,0,-0.38424,0,0,3,0,5,6,0,9,5,0
0.067,0,0,0,0,0,-0.39513,0,0,3,0,5,6,0,9,5,0
0.077,0,0,0,0,0,-0.40607,0,0,3,0,5,6,0,9,5,0
0.087,0,0,0,0,0,-0.41704,0,0,3,0,5,6,0,9,5,0
0.097,0,0,0,0,0,-0.42806,0,0,3,0,5,6,0,9,5,0
0.107,0,0,0,0,0,-0.43922,0,0,3,0,5,6,0,9,5,0
0.116,0,0,0,0,0,-0.4506,0,0,3,0,5,6,0,9,5,0
0.127,-0.006867,0,0,0,0,-0.46252,1.7168E-05,0,3,0,5,6,0,9,5,0
0.138,-0.013832,0,0,0,0,-0.47342,3.458E-05,0,3,0,5,6,0,9,5,0
0.147,-0.020405,0,0,0,0,-0.48517,5.1012E-05,0,3,0,5,6,0,9,5,0
0.156,-0.027468,0,0,0,0,-0.49678,6.867E-05,0,3,0,5,6,0,9,5,0
0.167,-0.03355,0,0,0,0,-0.50859,8.3876E-05,0,3,0,5,6,0,9,5,0
0.177,-0.041006,0,0,0,0,-0.52038,0.00010251,0,3,0,5,6,0,9,5,0
0.187,-0.047382,0,0,0,0,-0.53228,0.00011846,0,3,0,5,6,0,9,5,0
0.197,-0.05474,0,0,0,0,-0.54427,0.00013685,0,3,0,5,6,0,9,5,0
0.207,-0.061313,0,0,0,0,-0.55637,0.00015328,0,3,0,5,6,0,9,5,0
0.217,-0.067591,0,0,0,0,-0.56855,0.00016898,0,3,0,5,6,0,9,5,0
0.227,-0.074066,0,0,0,0,-0.58078,0.00018516,0,3,0,5,6,0,9,5,0
0.237,-0.080344,0,0,0,0,-0.59309,-4.0172E-05,0,3,0,5,6,0,9,5,0
997.62,5.8183,2,8.4934,0.52471,1602.9,0.84034,-0.072728,0,3,0,0,4,0,9,4,0
997.63,5.8222,2,8.4276,0.50628,1603.1,0.83507,-0.072777,0,3,0,0,4,0,9,4,0
997.64,5.8248,2,8.3584,0.48762,1603.2,0.83593,-0.078635,0,3,0,0,4,0,9,4,0
997.65,5.8273,2,8.2857,0.46836,1603.3,0.8368,-0.078669,0,3,0,0,4,0,9,4,0
997.66,5.828,2,8.2096,0.44854,1603.4,0.83766,-0.078678,0,3,0,0,4,0,9,4,0
997.67,5.8305,2,8.13,0.42823,1603.4,0.83852,-0.078712,0,3,0,0,4,0,9,4,0
997.68,5.8317,2,8.0469,0.40751,1603.4,0.83936,-0.072896,0,3,0,0,4,0,9,4,0
997.7,5.8326,2,7.9604,0.38648,1603.4,0.84021,-0.072908,0,3,0,0,4,0,9,4,0
997.71,5.8341,2,7.8704,0.36526,1603.3,0.84104,-0.084594,0,3,0,0,4,0,9,4,0
997.71,5.8352,2,7.7769,0.34395,1603.3,0.84188,-0.084611,0,3,0,0,4,0,9,4,0
997.72,5.8364,2,7.68,0.32264,1603.2,0.84269,-0.10214,0,3,0,0,4,0,9,4,0
997.74,5.8372,2,7.5831,0.30144,1603,0.84351,-0.10215,0,3,0,0,4,0,9,4,0
997.75,5.8371,2,7.4862,0.2804,1602.8,0.84432,-0.10215,0,3,0,0,4,0,9,4,0
997.76,5.8384,2,7.3892,0.25961,1602.6,0.84513,-0.10217,0,3,0,0,4,0,9,4,0
1937.7,0.0019068,0,0,0,0,0,-9.5341E-07,0,3,0,2,5,0,9,6,0
1937.7,0.00087064,0,0,0,0,0,-4.3532E-07,0,3,0,2,5,0,9,6,0
1937.7,-0.00026364,0,0,0,0,0,-1.3182E-07,0,3,0,2,5,0,9,6,0
1937.7,0.00095648,0,0,0,0,0,4.7824E-07,0,3,0,2,5,0,9,6,0
1937.8,0.0018823,0,0,0,0,0,9.4115E-07,0,3,0,2,5,0,9,6,0
1937.8,0.0011404,0,0,0,0,0,5.7021E-07,0,3,0,2,5,0,9,6,0
1937.8,-9.1969E-05,0,0,0,0,0,-4.5984E-08,0,3,0,2,5,0,9,6,0
1937.8,0.00044145,0,0,0,0,0,2.2073E-07,0,3,0,2,5,0,9,6,0
1937.8,0.001073,0,0,0,0,0,5.3648E-07,0,3,0,2,5,0,9,6,0
1937.8,0.00052729,0,0,0,0,0,2.6364E-07,0,3,0,2,5,0,9,6,0
1937.8,-0.00041079,0,0,0,0,0,-2.054E-07,0,3,0,2,5,0,9,6,0
1937.8,2.4525E-05,0,0,0,0,0,1.2263E-08,0,3,0,2,5,0,9,6,0
1937.8,0.00055794,0,0,0,0,0,-2.7897E-07,0,3,0,2,5,0,9,6,0
1937.8,-0.00018394,0,0,0,0,0,9.1969E-08,0,3,0,2,5,0,9,6,0
1937.9,-0.001122,0,0,0,0,0,5.6101E-07,0,3,0,2,5,0,9,6,0
1937.9,0,0,0,0,0,0,0,0,3,0,2,5,0,9,6,0
0.067,0,0,0,0,0,0.041076,0,0,3,0,5,0,0,10,2,0
0.077,0,0,0,0,0,0.042173,0,0,3,0,5,0,0,10,2,0
0.087,0,0,0,0,0,0.043322,0,0,3,0,5,0,0,10,2,0
0.097,0,0,0,0,0,0.044374,0,0,3,0,5,0,0,10,2,0
0.107,0,0,0,0,0,0.045507,0,0,3,0,5,0,0,10,2,0
0.117,0,0,0,0,0,0.046628,0,0,3,0,5,0,0,10,2,0
0.128,0.0006867,0,0,0,0,0.047767,-1.7168E-06,0,3,0,5,0,0,10,2,0
0.138,0.0013734,0,0,0,0,0.048905,-3.4335E-06,0,3,0,5,0,0,10,2,0
0.147,0.0020601,0,0,0,0,0.050053,-5.1503E-06,0,3,0,5,0,0,10,2,0
0.157,0.0035316,0,0,0,0,0.051212,-8.829E-06,0,3,0,5,0,0,10,2,0
0.167,0.0035316,0,0,0,0,0.05238,-8.829E-06,0,3,0,5,0,0,10,2,0
0.177,0.0041202,0,0,0,0,0.053556,-1.0301E-05,0,3,0,5,0,0,10,2,0
0.187,0.0055917,0,0,0,0,0.054738,-1.3979E-05,0,3,0,5,0,0,10,2,0
110.98,6.1108,3,3.5,0.0088317,1157.7,1.0814,0.0091662,0,3,0,5,0,0,10,2,0
110.99,6.1113,3,3.5,0.00077384,1157.2,1.0816,-0.015278,0,3,0,5,0,0,10,2,0
111,6.1105,3,3.5,-0.0074032,1156.7,1.0818,-0.015276,0,3,0,5,0,0,10,2,0
111.01,6.1116,3,3.5,-0.015724,1156.2,1.0821,-0.015279,0,3,0,5,0,0,10,2,0
111.02,6.1132,3,3.5,-0.024185,1155.7,1.0823,-0.015283,0,3,0,5,0,0,10,2,0
111.03,6.112,3,3.5,-0.032762,1155.3,1.0826,-0.01528,0,3,0,5,0,0,10,2,0
111.04,6.1118,3,3.5,-0.041409,1154.8,1.0829,-0.01528,0,3,0,5,0,0,10,2,0
111.05,6.1111,3,3.5,-0.050077,1154.3,1.0832,0.015278,0,3,0,5,0,0,10,2,0
111.06,6.1064,3,3.5,-0.058709,1153.8,1.0835,0.015266,0,3,0,5,0,0,10,2,0
111.07,6.1038,3,3.5,-0.067256,1153.4,1.0838,0.045779,0,3,0,5,0,0,10,2,0
111.08,6.0999,3,3.5,-0.075491,1152.9,1.0842,0.04575,0,3,0,5,0,0,10,2,0
111.09,6.0936,3,3.5,-0.083577,1152.5,1.0845,0.07617,0,3,0,5,0,0,10,2,0
111.1,6.0862,3,3.5,-0.091505,1152,1.0849,0.076077,0,3,0,5,0,0,10,2,0
111.11,6.0804,3,3.5,-0.099284,1151.5,1.0853,0.069925,0,3,0,5,0,0,10,2,0
111.12,6.0761,3,3.5,-0.10694,1151.1,1.0857,0.069875,0,3,0,5,0,0,10,2,0
111.13,6.073,3,3.5,-0.11452,1150.6,1.0861,0.069839,0,3,0,5,0,0,10,2,0
111.14,6.0678,3,3.5,-0.12207,1150.2,1.0866,0.06978,0,3,0,5,0,0,10,2,0
111.15,6.0618,3,3.5,-0.12966,1149.7,1.087,0.057588,0,3,0,5,0,0,10,2,0
241.15,0.0023276,0,2.7,0.0071373,775.41,0,1.1638E-06,0,3,0,5,0,0,10,2,0
241.16,0.0012307,0,2.6275,0.0035686,760.19,0,6.1535E-07,0,3,0,5,0,0,10,2,0
241.17,0.00062427,0,0,0,0,0,-3.1214E-07,0,3,0,5,0,0,10,2,0
241.18,0.0019798,0,0,0,0,0,-9.8992E-07,0,3,0,5,0,0,10,2,0
241.19,0.0021582,0,0,0,0,0,-1.0791E-06,0,3,0,5,0,0,10,2,0
241.2,0.0010613,0,0,0,0,0,-5.3063E-07,0,3,0,5,0,0,10,2,0
241.21,0.00084723,0,0,0,0,0,-4.2361E-07,0,3,0,5,0,0,10,2,0
241.22,0.0019085,0,0,0,0,0,-9.5425E-07,0,3,0,5,0,0,10,2,0
241.23,0.001204,0,0,0,0,0,-6.0198E-07,0,3,0,5,0,0,10,2,0
241.24,-0.00018728,0,0,0,0,0,9.3641E-08,0,3,0,5,0,0,10,2,0
241.25,-0.00020512,0,0,0,0,0,1.0256E-07,0,3,0,5,0,0,10,2,0
241.26,0.0010523,0,0,0,0,0,-5.2617E-07,0,3,0,5,0,0,10,2,0
241.27,-0.00024079,0,0,0,0,0,-1.204E-07,0,3,0,5,0,0,10,2,0
241.28,-0.00035673,0,0,0,0,0,-1.7836E-07,0,3,0,5,0,0,10,2,0
241.29,0.00070454,0,0,0,0,0,-3.5227E-07,0,3,0,5,0,0,10,2,0
241.3,0,0,0,0,0,0,0,0,3,0,5,0,0,10,2,0
241.31,23.759,0,0,0,0,0,-0.01188,0,3,0,5,0,0,10,2,0
241.32,23.764,0,0,0,0,0,-0.011882,0,3,0,5,0,0,10,2,0
241.33,23.769,0,0,0,0,0,-0.011885,0,3,0,5,0,0,10,2,0
0.046,0,0,0,0,0,2.8623E-15,0,0,3,0,5,0,0,10,2,0
0.057,0,0,0,0,0,1.6756E-16,0,0,3,0,5,0,0,10,2,0
0.066,0,0,0,0,0,-3.0278E-16,0,0,3,0,5,0,0,10,2,0
0.076,0,0,0,0,0,2.5202E-15,0,0,3,0,5,0,0,10,2,0
0.086,0,0,0,0,0,-5.1688E-15,0,0,3,0,5,0,0,10,2,0
0.097,0,0,0,0,0,1.4449E-15,0,0,3,0,5,0,0,10,2,0
0.106,0.0046107,0,0,0,0,-3.2234E-16,-1.1527E-05,0,3,0,5,0,0,10,2,0
0.116,0.010301,0,0,0,0,2.9496E-15,-2.5751E-05,0,3,0,5,0,0,10,2,0
0.126,0.014617,0,0,0,0,-6.6848E-16,-3.6542E-05,0,3,0,5,0,0,10,2,0
0.136,0.017952,0,0,0,0,1.7443E-16,-4.4881E-05,0,3,0,5,0,0,10,2,0
0.147,0.02168,0,0,0,0,4.5973E-15,-5.42E-05,0,3,0,5,0,0,10,2,0
0.156,0.026683,0,0,0,0,-3.2483E-15,-6.6708E-05,0,3,0,5,0,0,10,2,0
0.166,0.031,0,0,0,0,1.877E-16,-7.7499E-05,0,3,0,5,0,0,10,2,0
0.176,0.035218,0,0,0,0,-7.5754E-16,-8.8045E-05,0,3,0,5,0,0,10,2,0
110.21,3.3068,1,6.7174,0.85526,1770.3,6.39,-0.024801,0,3,0,5,0,0,10,2,0
110.22,3.3044,1,6.6922,0.83297,1769.3,6.3886,-0.024783,0,3,0,5,0,0,10,2,0
110.23,3.3014,1,6.6691,0.81103,1768.2,6.3871,-0.024761,0,3,0,5,0,0,10,2,0
110.24,3.299,1,6.6479,0.78946,1767.1,6.3857,-0.028042,0,3,0,5,0,0,10,2,0
110.25,3.2965,1,6.6286,0.76811,1766.1,6.3842,-0.02802,0,3,0,5,0,0,10,2,0
110.26,3.293,1,6.6114,0.74715,1765,6.3827,-0.024697,0,3,0,5,0,0,10,2,0
110.27,3.2889,1,6.5962,0.72663,1763.9,6.2766,-0.021378,0,3,0,5,0,0,10,2,0
110.28,3.2852,1,6.583,0.7066,1762.9,6.2737,-0.027925,0,3,0,5,0,0,10,2,0
110.29,3.2845,1,6.5717,0.68714,1761.8,6.2708,-0.031203,0,3,0,5,0,0,10,2,0
110.3,3.2788,1,6.5625,0.66836,1760.8,6.2679,-0.034427,0,3,0,5,0,0,10,2,0
110.31,3.2738,1,6.5552,0.65039,1759.7,6.2649,-0.031101,0,3,0,5,0,0,10,2,0
110.32,3.269,1,6.5499,0.63339,1758.7,6.262,-0.040862,0,3,0,5,0,0,10,2,0
110.33,3.2653,1,6.5466,0.61752,1757.8,6.259,-0.040816,0,3,0,5,0,0,10,2,0
110.34,3.2601,1,6.5453,0.60293,1756.9,6.2559,-0.047271,0,3,0,5,0,0,10,2,0
110.35,3.2551,1,6.546,0.58977,1756,6.2529,-0.047199,0,3,0,5,0,0,10,2,0
110.36,3.2503,1,6.5487,0.57818,1755.1,6.2498,-0.050379,0,3,0,5,0,0,10,2,0
110.37,3.2438,1,6.5533,0.56822,1754.3,6.2466,-0.050278,0,3,0,5,0,0,10,2,0
110.38,3.2373,1,6.56,0.55997,1753.5,6.2435,-0.056654,0,3,0,5,0,0,10,2,0
110.39,3.2317,1,6.5686,0.55342,1752.7,6.2403,-0.053323,0,3,0,5,0,0,10,2,0
110.4,3.2255,1,6.5793,0.54855,1752,6.2371,-0.056446,0,3,0,5,0,0,10,2,0
212.08,-50.285,0,2.7,-20.999,779.75,0,-0.075428,0,3,0,5,0,0,10,2,0
212.09,-50.284,0,2.6275,-10.386,764.41,0,-0.025142,0,3,0,5,0,0,10,2,0
212.1,-50.283,0,0,0,0,0,-0.025141,0,3,0,5,0,0,10,2,0
212.11,-50.282,0,0,0,0,0,-0.025141,0,3,0,5,0,0,10,2,0
212.12,-50.281,0,0,0,0,0,-0.02514,0,3,0,5,0,0,10,2,0
212.13,-50.28,0,0,0,0,0,0.02514,0,3,0,5,0,0,10,2,0
212.14,-50.279,0,0,0,0,0,0.025139,0,3,0,5,0,0,10,2,0
212.15,-50.278,0,0,0,0,0,0.025139,0,3,0,5,0,0,10,2,0
212.16,-50.277,0,0,0,0,0,0.025138,0,3,0,5,0,0,10,2,0
212.17,-50.276,0,0,0,0,0,0.025138,0,3,0,5,0,0,10,2,0
212.18,-50.275,0,0,0,0,0,0.025138,0,3,0,5,0,0,10,2,0
212.19,-50.275,0,0,0,0,0,0.025138,0,3,0,5,0,0,10,2,0
212.2,-50.274,0,0,0,0,0,0.025137,0,3,0,5,0,0,10,2,0
212.21,-50.273,0,0,0,0,0,0.025136,0,3,0,5,0,0,10,2,0
212.22,-50.272,0,0,0,0,0,0.025136,0,3,0,5,0,0,10,2,0
212.23,-50.272,0,0,0,0,0,-0.025136,0,3,0,5,0,0,10,2,0
212.24,-50.27,0,0,0,0,0,-0.025135,0,3,0,5,0,0,10,2,0
212.25,-50.27,0,0,0,0,0,-0.025135,0,3,0,5,0,0,10,2,0
212.26,-50.269,0,0,0,0,0,-0.025135,0,3,0,5,0,0,10,2,0
0.037,0,0,0,0,0,0.059795,0,0,3,0,0,2,0,10,3,0
0.049,0,0,0,0,0,0.061295,0,0,3,0,0,2,0,10,3,0
0.056,0,0,0,0,0,0.062906,0,0,3,0,0,2,0,10,3,0
0.067,0,0,0,0,0,0.064502,0,0,3,0,0,2,0,10,3,0
0.077,0,0,0,0,0,0.066123,0,0,3,0,0,2,0,10,3,0
0.087,0,0,0,0,0,0.067744,0,0,3,0,0,2,0,10,3,0
0.097,0,0,0,0,0,0.069379,0,0,3,0,0,2,0,10,3,0
0.106,0,0,0,0,0,0.071029,0,0,3,0,0,2,0,10,3,0
0.117,0,0,0,0,0,0.072694,0,0,3,0,0,2,0,10,3,0
0.127,0,0,0,0,0,0.074369,0,0,3,0,0,2,0,10,3,0
0.136,0,0,0,0,0,0.076053,0,0,3,0,0,2,0,10,3,0
0.146,0,0,0,0,0,0.077749,0,0,3,0,0,2,0,10,3,0
0.157,0.0014715,0,0,0,0,0.079458,-3.6788E-06,0,3,0,0,2,0,10,3,0
0.167,0.0025506,0,0,0,0,0.081179,-6.3765E-06,0,3,0,0,2,0,10,3,0
0.176,0.0026487,0,0,0,0,0.082912,-6.6217E-06,0,3,0,0,2,0,10,3,0
0.186,0.0042183,0,0,0,0,0.084656,-1.0546E-05,0,3,0,0,2,0,10,3,0
0.196,0.0050031,0,0,0,0,0.08641,-1.2508E-05,0,3,0,0,2,0,10,3,0
0.206,0.0055917,0,0,0,0,0.088177,-1.3979E-05,0,3,0,0,2,0,10,3,0
1052.7,-0.0017903,0,4.3,-0.24104,805.69,-1.3813,-2.6855E-06,0,3,1,0,2,0,10,3,0
1052.7,-0.0014592,0,4.3,-0.2407,805.79,-1.3814,-7.2962E-07,0,3,1,0,2,0,10,3,0
1052.7,-4.905E-05,0,4.3,-0.24029,805.89,-1.3815,-2.4525E-08,0,3,1,0,2,0,10,3,0
1052.7,-0.00020846,0,4.3,-0.23983,805.99,-1.3815,-3.1269E-07,0,3,1,0,2,0,10,3,0
1052.7,-0.00095647,0,4.3,-0.23934,806.1,-1.3816,-1.4347E-06,0,3,1,0,2,0,10,3,0
1052.7,-0.00062539,0,4.3,-0.23885,806.2,-1.3816,-3.1269E-07,0,3,1,0,2,0,10,3,0
1052.7,-0.0002943,0,4.3,-0.23838,806.31,-1.3817,-1.4715E-07,0,3,1,0,2,0,10,3,0
1052.7,-0.00064991,0,4.3,-0.23795,806.41,-1.3817,-3.2496E-07,0,3,1,0,2,0,10,3,0
1052.7,-0.0011036,0,4.3,-0.23758,806.52,-1.3818,-5.5181E-07,0,3,1,0,2,0,10,3,0
1052.8,0.00079706,0,4.3,-0.23728,806.63,-1.3818,3.9853E-07,0,3,1,0,2,0,10,3,0
1052.8,0.00034335,0,4.3,-0.23707,806.73,-1.3819,1.7168E-07,0,3,1,0,2,0,10,3,0
1052.8,-0.00011036,0,4.3,-0.23692,806.84,-1.382,-5.5181E-08,0,3,1,0,2,0,10,3,0
1052.8,-0.0012508,0,4.3,-0.23686,806.94,-1.382,-6.2539E-07,0,3,1,0,2,0,10,3,0
1052.8,-0.0017045,0,4.3,-0.23687,807.05,-1.3821,-8.5224E-07,0,3,1,0,2,0,10,3,0
1052.8,-0.0024525,0,4.3,-0.23693,807.15,-1.3821,-1.2262E-06,0,3,1,0,2,0,10,3,0
1052.8,-0.0030043,0,4.3,-0.23705,807.26,-1.3813,1.5022E-06,0,3,1,0,2,0,10,3,0
2108.9,-0.00023299,0,4.7,0.00039879,812.85,0,1.1649E-07,0,3,2,0,5,0,10,3,0
2109,-0.0013198,0,4.7,0.00027039,812.79,0,6.5988E-07,0,3,2,0,5,0,10,3,0
2109,-0.00073882,0,4.7,0.00015757,812.74,0,3.6941E-07,0,3,2,0,5,0,10,3,0
2109,-0.00055028,0,4.7,6.6901E-05,812.7,0,2.7514E-07,0,3,2,0,5,0,10,3,0
2109,-0.00036174,0,4.7,5.5707E-06,812.66,0,1.8087E-07,0,3,2,0,5,0,10,3,0
2109,0.00012109,0,4.7,-1.9062E-05,796.67,0,-6.0546E-08,0,3,2,0,5,0,10,3,0
2109,0.0013887,0,0,0,0,0,-6.9436E-07,0,3,2,0,5,0,10,3,0
2109,0.0010868,0,0,0,0,0,5.4338E-07,0,3,2,0,5,0,10,3,0
2109,0,0,0,0,0,0,0,0,3,2,0,5,0,10,3,0
2109,0,0,0,0,0,0,0,0,3,2,0,5,0,10,3,0
2109.1,0,0,0,0,0,0,0,0,3,2,0,5,0,10,3,0
2109.1,0,0,0,0,0,0,0,0,3,2,0,5,0,10,3,0
2109.1,0,0,0,0,0,0,0,0,3,2,0,5,0,10,3,0
2109.1,0,0,0,0,0,0,0,0,3,2,0,5,0,10,3,0
2109.1,0,0,0,0,0,0,0,0,3,2,0,5,0,10,3,0
2109.1,0,0,0,0,0,0,0,0,3,2,0,5,0,10,3,0
2109.1,0,0,0,0,0,0,0,0,3,2,0,5,0,10,3,0
0.054,0,0,0,0,0,-0.32682,0,0,3,0,5,3,0,9,3,1
0.065,0,0,0,0,0,-0.33492,0,0,3,0,5,3,0,9,3,1
0.075,0,0,0,0,0,-0.34362,0,0,3,0,5,3,0,9,3,1
0.085,0,0,0,0,0,-0.35224,0,0,3,0,5,3,0,9,3,1
0.095,0,0,0,0,0,-0.361,0,0,3,0,5,3,0,9,3,1
0.105,0,0,0,0,0,-0.36975,0,0,3,0,5,3,0,9,3,1
0.115,0,0,0,0,0,-0.37858,0,0,3,0,5,3,0,9,3,1
0.125,0,0,0,0,0,-0.38749,0,0,3,0,5,3,0,9,3,1
0.135,0,0,0,0,0,-0.39647,0,0,3,0,5,3,0,9,3,1
0.145,0,0,0,0,0,-0.40552,0,0,3,0,5,3,0,9,3,1
0.155,0,0,0,0,0,-0.41461,0,0,3,0,5,3,0,9,3,1
0.166,-0.0053955,0,0,0,0,-0.42376,1.3489E-05,0,3,0,5,3,0,9,3,1
0.176,-0.01138,0,0,0,0,-0.43298,2.8449E-05,0,3,0,5,3,0,9,3,1
1001.7,5.5186,0,17.133,1.9149,1454.5,0.86174,0.14072,0,3,0,2,5,0,9,3,1
1001.7,5.5395,0,17.202,1.9196,1460,0.86475,0.14126,0,3,0,2,5,0,9,3,1
1001.7,5.5584,0,17.265,1.9228,1465.5,0.86777,0.1473,0,3,0,2,5,0,9,3,1
1001.7,5.5791,0,17.323,1.9243,1470.9,0.87079,0.14785,0,3,0,2,5,0,9,3,1
1001.7,5.5994,0,17.376,1.9241,1476.4,0.87381,0.14278,0,3,0,2,5,0,9,3,1
1001.7,5.6185,0,17.424,1.9224,1481.9,0.87684,0.14327,0,3,0,2,5,0,9,3,1
1001.7,5.632,0,17.466,1.9192,1487.4,0.87988,0.13235,0,3,0,2,5,0,9,3,1
1001.8,5.6459,0,17.503,1.9149,1492.9,0.88291,0.13268,0,3,0,2,5,0,9,3,1
1001.8,5.6623,0,17.535,1.9097,1498.4,0.88595,0.1274,0,3,0,2,5,0,9,3,1
1001.8,5.6786,0,17.562,1.904,1503.9,0.889,0.12777,0,3,0,2,5,0,9,3,1
1001.8,5.6858,0,17.584,1.8981,1509.5,0.89204,0.13362,0,3,0,2,5,0,9,3,1
1001.8,5.6961,0,17.6,1.8923,1515,0.89509,0.13386,0,3,0,2,5,0,9,3,1
1001.8,5.7055,0,17.612,1.887,1520.5,0.89813,0.12837,0,3,0,2,5,0,9,3,1
1001.8,5.7186,0,17.618,1.8818,1526,0.90119,0.12867,0,3,0,2,5,0,9,3,1
1998.7,-7.848E-05,0,3.1,-0.00047594,756.3,0,-3.924E-08,0,3,0,2,7,0,9,3,1
1998.7,-0.0005403,0,3.1,-0.00028665,756.24,0,-2.7015E-07,0,3,0,2,7,0,9,3,1
1998.7,0.00017507,0,3.0196,-0.00012598,741.35,0,8.7535E-08,0,3,0,2,7,0,9,3,1
1998.7,0.00039995,0,0,0,0,0,1.9997E-07,0,3,0,2,7,0,9,3,1
1998.7,-6.1878E-05,0,0,0,0,0,3.0939E-08,0,3,0,2,7,0,9,3,1
1998.8,-0.0003275,0,0,0,0,0,1.6375E-07,0,3,0,2,7,0,9,3,1
1998.8,0.0012708,0,0,0,0,0,6.3539E-07,0,3,0,2,7,0,9,3,1
1998.8,0.0011032,0,0,0,0,0,5.5162E-07,0,3,0,2,7,0,9,3,1
1998.8,0.00054332,0,0,0,0,0,2.7166E-07,0,3,0,2,7,0,9,3,1
1998.8,0.0002777,0,0,0,0,0,1.3885E-07,0,3,0,2,7,0,9,3,1
1998.8,0.0011893,0,0,0,0,0,1.7839E-06,0,3,0,2,7,0,9,3,1
1998.8,0.0014141,0,0,0,0,0,2.1212E-06,0,3,0,2,7,0,9,3,1
1998.8,0.00075612,0,0,0,0,0,-3.7806E-07,0,3,0,2,7,0,9,3,1
1998.8,0,0,0,0,0,0,0,0,3,0,2,7,0,9,3,1
1998.8,0,0,0,0,0,0,0,0,3,0,2,7,0,9,3,1
1998.9,0,0,0,0,0,0,0,0,3,0,2,7,0,9,3,1
1998.9,0,0,0,0,0,0,0,0,3,0,2,7,0,9,3,1
1998.9,0,0,0,0,0,0,0,0,3,0,2,7,0,9,3,1
0.097,0,0,0,0,0,0.050944,0,0,3,0,2,3,3,9,4,3
0.106,0,0,0,0,0,0.052173,0,0,3,0,2,3,3,9,4,3
0.116,0,0,0,0,0,0.053533,0,0,3,0,2,3,3,9,4,3
0.127,-0.0001962,0,0,0,0,0.054922,4.905E-07,0,3,0,2,3,3,9,4,3
0.137,0.0014715,0,0,0,0,0.056374,-3.6788E-06,0,3,0,2,3,3,9,4,3
0.147,0.0026487,0,0,0,0,0.057704,-6.6218E-06,0,3,0,2,3,3,9,4,3
0.156,0.0033354,0,0,0,0,0.059136,-8.3385E-06,0,3,0,2,3,3,9,4,3
0.166,0.0048069,0,0,0,0,0.060552,-1.2017E-05,0,3,0,2,3,3,9,4,3
0.176,0.0047088,0,0,0,0,0.061992,-1.1772E-05,0,3,0,2,3,3,9,4,3
0.186,0.0055917,0,0,0,0,0.06343,-1.3979E-05,0,3,0,2,3,3,9,4,3
0.196,0.0072594,0,0,0,0,0.06488,-1.8149E-05,0,3,0,2,3,3,9,4,3
0.206,0.0096138,0,0,0,0,0.066343,-2.4035E-05,0,3,0,2,3,3,9,4,3
0.216,0.0099081,0,0,0,0,0.067818,-2.477E-05,0,3,0,2,3,3,9,4,3
0.226,0.00981,0,0,0,0,0.069303,-2.4525E-05,0,3,0,2,3,3,9,4,3
0.237,0.01138,0,0,0,0,0.070795,-1.7069E-05,0,3,0,2,3,3,9,4,3
1658.6,15.357,0,21.404,0.97265,1972.4,0.88134,-0.19197,0,3,0,0,7,1,9,4,3
1658.6,15.366,0,21.612,0.98368,1977.4,0.88285,-0.19208,0,3,0,0,7,1,9,4,3
1658.7,15.378,0,21.814,0.9941,1982.4,0.88437,-0.19223,0,3,0,0,7,1,9,4,3
1658.7,15.391,0,22.011,1.0039,1987.4,0.88587,-0.19238,0,3,0,0,7,1,9,4,3
1658.7,15.399,0,22.202,1.0129,1992.4,0.88738,-0.17709,0,3,0,0,7,1,9,4,3
1658.7,15.407,0,22.387,1.0212,1997.4,0.88888,-0.17718,0,3,0,0,7,1,9,4,3
1658.7,15.421,0,22.567,1.0286,2002.4,0.89037,-0.16192,0,3,0,0,7,1,9,4,3
1658.7,15.432,0,22.741,1.035,2007.4,0.89768,-0.16204,0,3,0,0,7,1,9,4,3
1658.7,15.444,0,22.91,1.0404,2012.4,0.89924,-0.16216,0,3,0,0,7,1,9,4,3
1658.7,15.458,0,23.073,1.0445,2017.4,0.9008,-0.16231,0,3,0,0,7,1,9,4,3
1658.7,15.468,0,23.23,1.0476,2022.4,0.90236,-0.19336,0,3,0,0,7,1,9,4,3
1658.7,15.479,0,23.382,1.0496,2027.3,0.90391,-0.19349,0,3,0,0,7,1,9,4,3
1658.8,15.49,0,23.528,1.0505,2032.2,0.90546,-0.17813,0,3,0,0,7,1,9,4,3
1658.8,15.5,0,23.668,1.0506,2036.9,0.90701,-0.17824,0,3,0,0,7,1,9,4,3
1658.8,15.508,0,23.803,1.0499,2041.6,0.90857,-0.20936,0,3,0,0,7,1,9,4,3
1658.8,15.52,0,23.932,1.0487,2046.2,0.9101,-0.20952,0,3,0,0,7,1,9,4,3
1658.8,15.527,0,24.055,1.0469,2050.8,0.91164,-0.16303,0,3,0,0,7,1,9,4,3
1658.8,15.533,0,24.173,1.0448,2055.2,0.91317,-0.1631,0,3,0,0,7,1,9,4,3
1658.8,15.54,0,24.285,1.0425,2059.6,0.91471,-0.11655,0,3,0,0,7,1,9,4,3
3503.1,0.00059752,0,2.8662,0.0056749,802.73,0,-2.9876E-07,0,3,0,0,3,0,10,4,3
3503.1,0.00026903,0,2.86,0.0055394,802.84,0,-4.0355E-07,0,3,0,0,3,0,10,4,3
3503.2,-0.00064805,0,2.8538,0.0051833,802.93,0,3.2403E-07,0,3,0,0,3,0,10,4,3
3503.2,-0.00058414,0,2.8478,0.0046387,803.01,0,-2.9207E-07,0,3,0,0,3,0,10,4,3
3503.2,-2.9727E-05,0,2.8419,0.0039467,803.08,0,1.4864E-08,0,3,0,0,3,0,10,4,3
3503.2,0.00032849,0,2.8361,0.0031545,803.14,0,-1.6424E-07,0,3,0,0,3,0,10,4,3
3503.2,0,0,2.8304,0.0023131,803.18,0,0,0,3,0,0,3,0,10,4,3
3503.2,0,0,2.8249,0.0014744,803.22,0,0,0,3,0,0,3,0,10,4,3
3503.2,0,0,2.7469,0.00068826,787.47,0,0,0,3,0,0,3,0,10,4,3
3503.2,0,0,0,0,0,0,0,0,3,0,0,3,0,10,4,3
3503.2,0,0,0,0,0,0,0,0,3,0,0,3,0,10,4,3
3503.2,0,0,0,0,0,0,0,0,3,0,0,3,0,10,4,3
3503.3,0,0,0,0,0,0,0,0,3,0,0,3,0,10,4,3
3503.3,0,0,0,0,0,0,0,0,3,0,0,3,0,10,4,3
3503.3,0,0,0,0,0,0,0,0,3,0,0,3,0,10,4,3
3503.3,0,0,0,0,0,0,0,0,3,0,0,3,0,10,4,3
3503.3,0,0,0,0,0,0,0,0,3,0,0,3,0,10,4,3
0.077,0,0,0,0,0,0.10568,0,0,3,1,1,5,1,9,4,3
0.087,0,0,0,0,0,0.10858,0,0,3,1,1,5,1,9,4,3
0.097,0,0,0,0,0,0.11149,0,0,3,1,1,5,1,9,4,3
0.106,0,0,0,0,0,0.11441,0,0,3,1,1,5,1,9,4,3
0.117,0,0,0,0,0,0.11737,0,0,3,1,1,5,1,9,4,3
0.127,0.0016677,0,0,0,0,0.12039,-4.1693E-06,0,3,1,1,5,1,9,4,3
0.137,0.0032373,0,0,0,0,0.12354,-8.0933E-06,0,3,1,1,5,1,9,4,3
0.147,0.004905,0,0,0,0,0.12643,-1.2263E-05,0,3,1,1,5,1,9,4,3
0.157,0.006867,0,0,0,0,0.12955,-1.7168E-05,0,3,1,1,5,1,9,4,3
0.167,0.0084366,0,0,0,0,0.13263,-2.1092E-05,0,3,1,1,5,1,9,4,3
0.177,0.010202,0,0,0,0,0.13575,-2.5506E-05,0,3,1,1,5,1,9,4,3
0.187,0.011772,0,0,0,0,0.13888,-2.943E-05,0,3,1,1,5,1,9,4,3
2034.5,4.4546,2,4.481,0.19421,1305,0.91657,0.028955,0,3,0,2,6,1,9,4,3
2034.5,4.4556,2,4.4746,0.18652,1304.6,0.91707,0.028961,0,3,0,2,6,1,9,4,3
2034.5,4.4576,2,4.4676,0.17874,1304.1,0.91761,0.028975,0,3,0,2,6,1,9,4,3
2034.5,4.4601,2,4.46,0.17103,1303.7,0.91815,0.024531,0,3,0,2,6,1,9,4,3
2034.5,4.4604,2,4.4518,0.16354,1303.3,0.91872,0.024532,0,3,0,2,6,1,9,4,3
2034.5,4.4628,2,4.443,0.15642,1302.9,0.9193,0.020083,0,3,0,2,6,1,9,4,3
2034.6,4.464,2,4.4336,0.14983,1302.4,0.91991,0.020088,0,3,0,2,6,1,9,4,3
2034.6,4.4666,2,4.4236,0.1439,1302,0.92053,0.024566,0,3,0,2,6,1,9,4,3
2034.6,4.4685,2,4.4129,0.13878,1301.5,0.92117,0.024577,0,3,0,2,6,1,9,4,3
2034.6,4.4707,2,4.4017,0.1346,1301,0.92182,0.029059,0,3,0,2,6,1,9,4,3
2034.6,4.4735,2,4.3899,0.13144,1300.5,0.9225,0.029077,0,3,0,2,6,1,9,4,3
2034.6,4.4749,2,4.3775,0.12938,1300,0.92319,0.024612,0,3,0,2,6,1,9,4,3
2034.6,4.4756,2,4.3644,0.12846,1299.5,0.92391,0.024616,0,3,0,2,6,1,9,4,3
2034.6,4.4761,2,4.3508,0.12868,1299,0.83391,0.029095,0,3,0,2,6,1,9,4,3
2034.6,4.4772,2,4.3366,0.12995,1298.5,0.8358,0.029102,0,3,0,2,6,1,9,4,3
2034.6,4.4784,2,4.3217,0.13222,1298,0.8377,0.024631,0,3,0,2,6,1,9,4,3
2034.7,4.4787,2,4.3063,0.13539,1297.4,0.83962,0.024633,0,3,0,2,6,1,9,4,3
2034.7,4.4782,2,4.2902,0.1393,1296.9,0.84154,0.029109,0,3,0,2,6,1,9,4,3
2034.7,4.4765,2,4.2736,0.14378,1296.3,0.84348,0.029097,0,3,0,2,6,1,9,4,3
2034.7,4.4759,2,4.2563,0.14863,1295.8,0.84543,0.029094,0,3,0,2,6,1,9,4,3
4028.6,0.00011168,0,2.7,0.00072199,759.05,0,5.5842E-08,0,3,0,3,5,1,9,4,3
4028.6,0.00055087,0,2.7,0.00050201,758.99,0,2.7543E-07,0,3,0,3,5,1,9,4,3
4028.6,9.0554E-06,0,2.7,0.00030347,758.94,0,-4.5277E-09,0,3,0,3,5,1,9,4,3
4028.6,-0.00063086,0,2.7,0.00013715,758.89,0,3.1543E-07,0,3,0,3,5,1,9,4,3
4028.6,0.00020073,0,2.7,1.1772E-05,758.85,0,-3.0109E-07,0,3,0,3,5,1,9,4,3
4028.6,0.00024751,0,2.7,-6.6478E-05,758.82,0,-3.7127E-07,0,3,0,3,5,1,9,4,3
4028.7,0,0,2.7,-9.4295E-05,758.79,0,0,0,3,0,3,5,1,9,4,3
4028.7,0,0,2.6275,-7.132E-05,743.87,0,0,0,3,0,3,5,1,9,4,3
4028.7,0,0,0,0,0,0,0,0,3,0,3,5,1,9,4,3
4028.7,0,0,0,0,0,0,0,0,3,0,3,5,1,9,4,3
4028.7,0,0,0,0,0,0,0,0,3,0,3,5,1,9,4,3
4028.7,0,0,0,0,0,0,0,0,3,0,3,5,1,9,4,3
4028.7,0,0,0,0,0,0,0,0,3,0,3,5,1,9,4,3
4028.7,0,0,0,0,0,0,0,0,3,0,3,5,1,9,4,3
4028.7,0,0,0,0,0,0,0,0,3,0,3,5,1,9,4,3
4028.7,0,0,0,0,0,0,0,0,3,0,3,5,1,9,4,3
0.087,0,0,0,0,0,-0.12196,0,0,3,0,1,5,1,9,4,2
0.097,0,0,0,0,0,-0.1237,0,0,3,0,1,5,1,9,4,2
0.107,0,0,0,0,0,-0.12545,0,0,3,0,1,5,1,9,4,2
0.116,0,0,0,0,0,-0.12721,0,0,3,0,1,5,1,9,4,2
0.127,-0.0002943,0,0,0,0,-0.12897,7.3575E-07,0,3,0,1,5,1,9,4,2
0.137,-0.0014715,0,0,0,0,-0.13074,3.6787E-06,0,3,0,1,5,1,9,4,2
0.147,-0.0032373,0,0,0,0,-0.13251,8.0932E-06,0,3,0,1,5,1,9,4,2
0.157,-0.0041202,0,0,0,0,-0.13431,1.0301E-05,0,3,0,1,5,1,9,4,2
0.167,-0.0048069,0,0,0,0,-0.13611,1.2017E-05,0,3,0,1,5,1,9,4,2
0.177,-0.0063765,0,0,0,0,-0.1379,1.5941E-05,0,3,0,1,5,1,9,4,2
0.187,-0.0065727,0,0,0,0,-0.13972,1.6432E-05,0,3,0,1,5,1,9,4,2
0.197,-0.0077499,0,0,0,0,-0.14154,1.9375E-05,0,3,0,1,5,1,9,4,2
0.207,-0.0089271,0,0,0,0,-0.14337,2.2318E-05,0,3,0,1,5,1,9,4,2
0.216,-0.010889,0,0,0,0,-0.1452,-1.6334E-05,0,3,0,1,5,1,9,4,2
0.227,-0.01138,0,0,0,0,-0.14704,-1.7069E-05,0,3,0,1,5,1,9,4,2
0.237,-0.012851,0,0,0,0,-0.14889,-1.9277E-05,0,3,0,1,5,1,9,4,2
1030,4.4893,0,3.5167,0.22801,1132.7,1.0846,0.042648,0,3,0,1,5,1,8,4,2
1030,4.4926,0,3.5187,0.23487,1128.3,1.0835,0.042679,0,3,0,1,5,1,8,4,2
1030.1,4.4965,0,3.521,0.24195,1123.9,1.0825,0.047213,0,3,0,1,5,1,8,4,2
1030.1,4.4978,0,3.5233,0.24879,1119.5,1.0815,0.047227,0,3,0,1,5,1,8,4,2
1030.1,4.5016,0,3.5257,0.25526,1115.1,1.0805,0.047267,0,3,0,1,5,1,8,4,2
1030.1,4.5042,0,3.5283,0.26121,1110.7,1.0795,0.047294,0,3,0,1,5,1,8,4,2
1030.1,4.5074,0,3.531,0.26646,1106.4,1.0785,0.038312,0,3,0,1,5,1,8,4,2
1030.1,4.5095,0,3.5338,0.2708,1102.1,1.0775,0.042841,0,3,0,1,5,1,8,4,2
1030.1,4.5119,0,3.5368,0.27405,1097.9,1.0765,0.042863,0,3,0,1,5,1,8,4,2
1030.1,4.5151,0,3.5398,0.276,1093.8,1.0754,0.042893,0,3,0,1,5,1,8,4,2
1030.1,4.515,0,3.543,0.27652,1089.8,1.0745,0.038377,0,3,0,1,5,1,8,4,2
1030.1,4.5149,0,3.5463,0.27547,1085.8,1.0734,0.047406,0,3,0,1,5,1,8,4,2
1030.2,4.5178,0,3.5498,0.27282,1081.9,1.0724,0.047436,0,3,0,1,5,1,8,4,2
1030.2,4.5194,0,3.5533,0.26853,1078.1,1.0714,0.047454,0,3,0,1,5,1,8,4,2
1030.2,4.5202,0,3.557,0.26266,1074.4,1.0705,0.061023,0,3,0,1,5,1,8,4,2
1030.2,4.521,0,3.5608,0.25528,1070.7,1.0695,0.061034,0,3,0,1,5,1,8,4,2
2148.5,0.00044522,0,0,0,0,0,2.2261E-07,0,3,0,1,5,1,8,4,2
2148.5,-0.00048295,0,0,0,0,0,-2.4148E-07,0,3,0,1,5,1,8,4,2
2148.5,-0.0010187,0,0,0,0,0,-5.0937E-07,0,3,0,1,5,1,8,4,2
2148.5,0.00050559,0,0,0,0,0,2.528E-07,0,3,0,1,5,1,8,4,2
2148.5,0.00036222,0,0,0,0,0,1.8111E-07,0,3,0,1,5,1,8,4,2
2148.5,-0.0010565,0,0,0,0,0,-5.2823E-07,0,3,0,1,5,1,8,4,2
2148.5,7.5462E-05,0,0,0,0,0,-3.7731E-08,0,3,0,1,5,1,8,4,2
2148.5,0.00071688,0,0,0,0,0,-3.5844E-07,0,3,0,1,5,1,8,4,2
2148.5,-0.00021129,0,0,0,0,0,-3.1694E-07,0,3,0,1,5,1,8,4,2
2148.5,-0.00055087,0,0,0,0,0,-8.263E-07,0,3,0,1,5,1,8,4,2
2148.6,0.00077725,0,0,0,0,0,-3.8863E-07,0,3,0,1,5,1,8,4,2
2148.6,0.0011244,0,0,0,0,0,-5.6219E-07,0,3,0,1,5,1,8,4,2
2148.6,0,0,0,0,0,0,0,0,3,0,1,5,1,8,4,2
2148.6,0,0,0,0,0,0,0,0,3,0,1,5,1,8,4,2
2148.6,0,0,0,0,0,0,0,0,3,0,1,5,1,8,4,2
2148.6,0,0,0,0,0,0,0,0,3,0,1,5,1,8,4,2
0.088,0,0,0,0,0,0.061614,0,0,3,0,2,6,0,9,5,3
0.098,0,0,0,0,0,0.063122,0,0,3,0,2,6,0,9,5,3
0.108,0,0,0,0,0,0.064642,0,0,3,0,2,6,0,9,5,3
0.118,0,0,0,0,0,0.066176,0,0,3,0,2,6,0,9,5,3
0.128,0,0,0,0,0,0.067724,0,0,3,0,2,6,0,9,5,3
0.138,0,0,0,0,0,0.069281,0,0,3,0,2,6,0,9,5,3
0.148,0.0016677,0,0,0,0,0.070847,-4.1693E-06,0,3,0,2,6,0,9,5,3
0.159,0.0025506,0,0,0,0,0.072423,-6.3765E-06,0,3,0,2,6,0,9,5,3
0.168,0.0033354,0,0,0,0,0.074012,-8.3385E-06,0,3,0,2,6,0,9,5,3
0.178,0.0040221,0,0,0,0,0.075612,-1.0055E-05,0,3,0,2,6,0,9,5,3
0.188,0.0044145,0,0,0,0,0.077222,-1.1036E-05,0,3,0,2,6,0,9,5,3
0.198,0.0053955,0,0,0,0,0.078843,-1.3489E-05,0,3,0,2,6,0,9,5,3
0.208,0.0061803,0,0,0,0,0.080474,-1.5451E-05,0,3,0,2,6,0,9,5,3
0.218,0.0076518,0,0,0,0,0.082116,-1.913E-05,0,3,0,2,6,0,9,5,3
0.229,0.0080442,0,0,0,0,0.083768,-2.0111E-05,0,3,0,2,6,0,9,5,3
0.238,0.0091233,0,0,0,0,0.085431,-2.2808E-05,0,3,0,2,6,0,9,5,3
926.78,-0.00056898,0,3.1,-0.23932,772.34,-1.4121,2.8449E-07,0,3,0,0,7,1,9,5,3
926.79,0,0,3.1,-0.23847,772.17,-1.4122,0,0,3,0,0,7,1,9,5,3
926.8,-0.0011349,0,3.1,-0.23774,771.99,-1.4123,5.6747E-07,0,3,0,0,7,1,9,5,3
926.81,-0.0031528,0,3.1,-0.23717,771.79,-1.4124,1.5764E-06,0,3,0,0,7,1,9,5,3
926.82,-0.0014428,0,3.1,-0.23679,771.58,-1.4124,7.2141E-07,0,3,0,0,7,1,9,5,3
926.83,0.00016903,0,3.1,-0.2366,771.35,-1.4125,-8.4517E-08,0,3,0,0,7,1,9,5,3
926.84,-0.00067161,0,3.1,-0.2366,771.12,-1.4126,3.358E-07,0,3,0,0,7,1,9,5,3
926.85,-0.0021989,0,3.1,-0.23678,770.9,-1.4127,1.0995E-06,0,3,0,0,7,1,9,5,3
926.86,-0.0012738,0,3.1,-0.23711,770.67,-1.4128,6.369E-07,0,3,0,0,7,1,9,5,3
926.87,-0.0023106,0,3.1,-0.23758,770.44,-1.4128,1.1553E-06,0,3,0,0,7,1,9,5,3
926.88,-0.0042304,0,3.1,-0.23815,770.22,-1.4129,-2.1152E-06,0,3,0,0,7,1,9,5,3
926.89,-0.0034033,0,3.1,-0.23878,769.99,-1.413,-1.7017E-06,0,3,0,0,7,1,9,5,3
926.9,-0.001301,0,3.1,-0.23943,769.76,-1.4131,6.5048E-07,0,3,0,0,7,1,9,5,3
926.91,-0.0018473,0,3.1,-0.24007,769.53,-1.4131,9.2365E-07,0,3,0,0,7,1,9,5,3
926.92,-0.0033746,0,3.1,-0.24066,769.31,-1.4132,1.6873E-06,0,3,0,0,7,1,9,5,3
926.93,-0.0028419,0,3.1,-0.24116,769.08,-1.4088,1.4209E-06,0,3,0,0,7,1,9,5,3
926.94,-0.00044522,0,3.1,-0.24153,768.85,-1.4088,-2.2261E-07,0,3,0,0,7,1,9,5,3
926.95,-0.00089346,0,3.1,-0.24176,768.63,-1.4088,-4.4673E-07,0,3,0,0,7,1,9,5,3
2024.6,0,0,3.1,0.00019083,770.16,0,0,0,3,0,2,7,1,9,5,3
2024.6,0,0,3.1,4.852E-05,770.12,0,0,0,3,0,2,7,1,9,5,3
2024.6,0,0,3.1,-4.9539E-05,770.08,0,0,0,3,0,2,7,1,9,5,3
2024.7,0,0,3.1,-0.00010591,770.04,0,0,0,3,0,2,7,1,9,5,3
2024.7,0,0,3.1,-0.00012599,770,0,0,0,3,0,2,7,1,9,5,3
2024.7,0,0,3.1,-0.00011716,769.97,0,0,0,3,0,2,7,1,9,5,3
2024.7,0,0,3.1,-8.775E-05,769.93,0,0,0,3,0,2,7,1,9,5,3
2024.7,0,0,3.0196,-4.6154E-05,754.79,0,0,0,3,0,2,7,1,9,5,3
2024.7,0,0,0,0,0,0,0,0,3,0,2,7,1,9,5,3
2024.7,0,0,0,0,0,0,0,0,3,0,2,7,1,9,5,3
2024.7,0,0,0,0,0,0,0,0,3,0,2,7,1,9,5,3
2024.7,0,0,0,0,0,0,0,0,3,0,2,7,1,9,5,3
2024.7,0,0,0,0,0,0,0,0,3,0,2,7,1,9,5,3
2024.8,0,0,0,0,0,0,0,0,3,0,2,7,1,9,5,3
2024.8,0,0,0,0,0,0,0,0,3,0,2,7,1,9,5,3
2024.8,0,0,0,0,0,0,0,0,3,0,2,7,1,9,5,3
2024.8,0,0,0,0,0,0,0,0,3,0,2,7,1,9,5,3
2024.8,0,0,0,0,0,0,0,0,3,0,2,7,1,9,5,3
2024.8,0,0,0,0,0,0,0,0,3,0,2,7,1,9,5,3
0.02,0,0,0,0,0,-0.32371,0,0,3,0,4,6,0,10,5,2
0.027,0,0,0,0,0,-0.33391,0,0,3,0,4,6,0,10,5,2
0.037,0,0,0,0,0,-0.3442,0,0,3,0,4,6,0,10,5,2
0.047,0,0,0,0,0,-0.35457,0,0,3,0,4,6,0,10,5,2
0.057,0,0,0,0,0,-0.36502,0,0,3,0,4,6,0,10,5,2
0.067,0,0,0,0,0,-0.37554,0,0,3,0,4,6,0,10,5,2
0.077,0,0,0,0,0,-0.38611,0,0,3,0,4,6,0,10,5,2
0.087,0,0,0,0,0,-0.39672,0,0,3,0,4,6,0,10,5,2
0.097,0,0,0,0,0,-0.40737,0,0,3,0,4,6,0,10,5,2
0.107,0,0,0,0,0,-0.41816,0,0,3,0,4,6,0,10,5,2
0.117,0,0,0,0,0,-0.42917,0,0,3,0,4,6,0,10,5,2
0.127,0,0,0,0,0,-0.44068,0,0,3,0,4,6,0,10,5,2
0.137,0,0,0,0,0,-0.45123,0,0,3,0,4,6,0,10,5,2
0.147,0,0,0,0,0,-0.46259,0,0,3,0,4,6,0,10,5,2
0.157,-0.0069651,0,0,0,0,-0.47382,1.7413E-05,0,3,0,4,6,0,10,5,2
0.167,-0.014028,0,0,0,0,-0.48524,3.5071E-05,0,3,0,4,6,0,10,5,2
0.177,-0.020797,0,0,0,0,-0.49665,5.1993E-05,0,3,0,4,6,0,10,5,2
0.186,-0.027076,0,0,0,0,-0.50816,6.7689E-05,0,3,0,4,6,0,10,5,2
0.197,-0.032765,0,0,0,0,-0.51976,8.1914E-05,0,3,0,4,6,0,10,5,2
0.207,-0.039927,0,0,0,0,-0.53147,9.9817E-05,0,3,0,4,6,0,10,5,2
0.217,-0.046598,0,0,0,0,-0.54325,0.00011649,0,3,0,4,6,0,10,5,2
0.227,-0.053857,0,0,0,0,-0.55509,0.00013464,0,3,0,4,6,0,10,5,2
0.237,-0.059645,0,0,0,0,-0.56701,0.00014911,0,3,0,4,6,0,10,5,2
0.247,-0.065923,0,0,0,0,-0.57901,3.2962E-05,0,3,0,4,6,0,10,5,2
0.257,-0.0723,0,0,0,0,-0.59111,3.615E-05,0,3,0,4,6,0,10,5,2
0.267,-0.079559,0,-1,-0.57813,-1,-0.60328,3.978E-05,0,3,0,4,6,0,10,5,2
0.277,-0.086034,0,-1,-0.59314,-1,-0.61552,4.3017E-05,0,3,0,4,6,0,10,5,2
0.287,-0.092901,0,-1,-0.60841,-1,-0.62784,4.645E-05,0,3,0,4,6,0,10,5,2
0.297,-0.098885,0,-1,-0.62392,-1,-0.64024,-4.9442E-05,0,3,0,4,6,0,10,5,2
1127.9,3.3179,0,19.985,3.1828,1866.8,1.3832,0.93067,0,3,0,0,6,0,10,5,2
1127.9,3.3437,0,20.091,3.1789,1878.3,1.3697,0.98139,0,3,0,0,6,0,10,5,2
1127.9,3.3713,0,20.197,3.1756,1889.8,1.3562,0.98949,0,3,0,0,6,0,10,5,2
1127.9,3.3985,0,20.304,3.1728,1901.3,1.3427,1.045,0,3,0,0,6,0,10,5,2
1127.9,3.4264,0,20.411,3.1709,1912.8,1.3695,1.0536,0,3,0,0,6,0,10,5,2
1128,3.451,0,20.518,3.1696,1924.3,1.3553,1.0957,0,3,0,0,6,0,10,5,2
1128,3.4781,0,20.626,3.1688,1935.8,1.3411,1.1043,0,3,0,0,6,0,10,5,2
1128,3.5053,0,20.735,3.1683,1947.4,1.3267,1.176,0,3,0,0,6,0,10,5,2
1128,3.5321,0,20.844,3.1681,1958.9,1.3124,1.185,0,3,0,0,6,0,10,5,2
1128,3.5596,0,20.953,3.168,1970.5,1.2979,1.237,0,3,0,0,6,0,10,5,2
1128,3.5875,0,21.063,3.168,1982,1.2835,1.2467,0,3,0,0,6,0,10,5,2
1128,3.6145,0,21.173,3.168,1993.6,1.2689,1.3175,0,3,0,0,6,0,10,5,2
1128,3.6418,0,21.284,3.1681,2005.1,1.2543,1.3274,0,3,0,0,6,0,10,5,2
1128,3.6704,0,21.395,3.1681,2016.7,1.2397,1.3929,0,3,0,0,6,0,10,5,2
1128,3.6966,0,21.506,3.168,2028.3,1.225,1.4029,0,3,0,0,6,0,10,5,2
1128.1,3.7256,0,21.617,3.1678,2039.8,1.2103,1.4698,0,3,0,0,6,0,10,5,2
1128.1,3.7549,0,21.728,3.1675,2051.4,1.1955,1.5376,0,3,0,0,6,0,10,5,2
1128.1,3.7844,0,21.839,3.167,2063,1.1807,1.5497,0,3,0,0,6,0,10,5,2
1128.1,3.8122,0,21.95,3.1666,2074.6,1.1659,1.5611,0,3,0,0,6,0,10,5,2
1128.1,3.8423,0,22.061,3.1658,2086.2,1.151,1.6042,0,3,0,0,6,0,10,5,2
1128.1,3.875,1,22.172,3.1646,2097.8,1.1361,1.6178,0,3,0,0,6,0,10,5,2
1128.1,3.9057,1,22.283,3.1629,2109.4,1.1211,1.6697,0,3,0,0,6,0,10,5,2
1128.1,3.9333,1,22.394,3.1606,2121.1,1.1062,1.7051,0,3,0,0,6,0,10,5,2
2443.2,5.5181E-05,0,3.1,0.0065613,764.18,0,2.7591E-08,0,3,0,2,8,0,10,5,2
2443.2,0,0,3.1,0.0080984,764.06,0,0,0,3,0,2,8,0,10,5,2
2443.2,0,0,3.1,0.0093652,763.94,0,0,0,3,0,2,8,0,10,5,2
2443.2,0,0,3.1,0.010289,763.82,0,0,0,3,0,2,8,0,10,5,2
2443.2,0,0,3.1,0.01082,763.7,0,0,0,3,0,2,8,0,10,5,2
2443.3,0,0,3.1,0.010935,763.58,0,0,0,3,0,2,8,0,10,5,2
2443.3,0,0,3.1,0.010639,763.45,0,0,0,3,0,2,8,0,10,5,2
2443.3,0,0,3.1,0.009962,763.32,0,0,0,3,0,2,8,0,10,5,2
2443.3,0,0,3.1,0.0089579,763.19,0,0,0,3,0,2,8,0,10,5,2
2443.3,0,0,3.1,0.0077002,763.07,0,0,0,3,0,2,8,0,10,5,2
2443.3,0,0,3.1,0.0062758,762.94,0,0,0,3,0,2,8,0,10,5,2
2443.3,0,0,3.1,0.0047785,762.81,0,0,0,3,0,2,8,0,10,5,2
2443.3,0,0,3.1,0.0033022,762.69,0,0,0,3,0,2,8,0,10,5,2
2443.3,0,0,3.1,0.001934,762.56,0,0,0,3,0,2,8,0,10,5,2
2443.3,0,0,3.1,0.00074799,762.43,0,0,0,3,0,2,8,0,10,5,2
2443.4,0,0,3.1,-0.00019994,762.31,0,0,0,3,0,2,8,0,10,5,2
2443.4,0,0,3.1,-0.00087537,762.18,0,0,0,3,0,2,8,0,10,5,2
2443.4,0,0,3.1,-0.0012672,762.05,0,0,0,3,0,2,8,0,10,5,2
2443.4,0,0,3.1,-0.001387,761.92,0,0,0,3,0,2,8,0,10,5,2
2443.4,0,0,3.1,-0.0012671,761.8,0,0,0,3,0,2,8,0,10,5,2
2443.4,0,0,3.1,-0.00095582,761.68,0,0,0,3,0,2,8,0,10,5,2
2443.4,0,0,3.0196,-0.00051224,746.66,0,0,0,3,0,2,8,0,10,5,2
2443.4,0,0,0,0,0,0,0,0,3,0,2,8,0,10,5,2
2443.4,0,0,0,0,0,0,0,0,3,0,2,8,0,10,5,2
0.066,0,0,0,0,0,0.067554,0,1,3,0,4,3,0,10,6,3
0.076,0,0,0,0,0,0.069211,0,1,3,0,4,3,0,10,6,3
0.086,0,0,0,0,0,0.070868,0,1,3,0,4,3,0,10,6,3
0.096,0,0,0,0,0,0.072539,0,1,3,0,4,3,0,10,6,3
0.106,0,0,0,0,0,0.074224,0,1,3,0,4,3,0,10,6,3
0.116,0,0,0,0,0,0.075925,0,1,3,0,4,3,0,10,6,3
0.126,0,0,0,0,0,0.077636,0,1,3,0,4,3,0,10,6,3
0.137,0.0003924,0,0,0,0,0.079357,-9.81E-07,1,3,0,4,3,0,10,6,3
0.147,0.0001962,0,0,0,0,0.081089,-4.905E-07,1,3,0,4,3,0,10,6,3
0.156,0.000981,0,0,0,0,0.082833,-2.4525E-06,1,3,0,4,3,0,10,6,3
0.166,0.0025506,0,0,0,0,0.084591,-6.3765E-06,1,3,0,4,3,0,10,6,3
0.176,0.0040221,0,0,0,0,0.08636,-1.0055E-05,1,3,0,4,3,0,10,6,3
0.186,0.0054936,0,0,0,0,0.088141,-1.3734E-05,1,3,0,4,3,0,10,6,3
0.196,0.0051993,0,0,0,0,0.089932,-1.2998E-05,1,3,0,4,3,0,10,6,3
0.206,0.0056898,0,0,0,0,0.091735,-1.4225E-05,1,3,0,4,3,0,10,6,3
0.216,0.0059841,0,0,0,0,0.093549,-1.496E-05,1,3,0,4,3,0,10,6,3
0.226,0.007848,0,0,0,0,0.095375,-1.962E-05,1,3,0,4,3,0,10,6,3
0.237,0.0089271,0,0,0,0,0.097212,4.4636E-06,1,3,0,4,3,0,10,6,3
0.247,0.010497,0,0,0,0,0.099061,5.2484E-06,1,3,0,4,3,0,10,6,3
0.257,0.010791,0,0,0,0,0.10092,1.6187E-05,1,3,0,4,3,0,10,6,3
0.267,0.011968,0,-1,0.088017,-1,0.1028,1.7952E-05,1,3,0,4,3,0,10,6,3
0.277,0.012066,0,-1,0.090578,-1,0.10468,6.0332E-06,1,3,0,4,3,0,10,6,3
143.57,13.797,4,10.997,0.62445,1861.1,0.27063,-0.10348,1,3,0,4,3,0,10,6,3
143.58,13.806,4,10.838,0.60091,1861.7,0.27057,-0.10354,1,3,0,4,3,0,10,6,3
143.59,13.813,4,10.678,0.57716,1862.3,0.27056,-0.14503,1,3,0,4,3,0,10,6,3
143.6,13.82,4,10.519,0.55288,1862.9,0.27057,-0.14511,1,3,0,4,3,0,10,6,3
143.61,13.828,4,10.359,0.52777,1863.5,0.27063,-0.15902,1,3,0,4,3,0,10,6,3
143.62,13.835,4,10.2,0.50153,1864,0.27076,-0.13143,1,3,0,4,3,0,10,6,3
143.63,13.837,4,10.041,0.47395,1864.6,0.27088,-0.13145,1,3,0,4,3,0,10,6,3
143.64,13.84,4,9.8812,0.44493,1865.1,0.27105,-0.089958,1,3,0,4,3,0,10,6,3
143.65,13.847,4,9.7219,0.41449,1865.6,0.27125,-0.090006,1,3,0,4,3,0,10,6,3
143.66,13.852,4,9.5625,0.38282,1866.1,0.27148,-0.076188,1,3,0,4,3,0,10,6,3
143.67,13.858,4,9.4031,0.35019,1866.6,0.27175,-0.076221,1,3,0,4,3,0,10,6,3
143.68,13.862,4,9.2438,0.31701,1867.1,0.27206,-0.034656,1,3,0,4,3,0,10,6,3
143.69,13.868,4,9.0844,0.28374,1867.6,0.2724,-0.034671,1,3,0,4,3,0,10,6,3
143.7,13.873,4,8.928,0.25089,1868,0.27279,0.020809,1,3,0,4,3,0,10,6,3
143.71,13.875,4,8.7746,0.21891,1868.5,0.27318,0.020813,1,3,0,4,3,0,10,6,3
143.72,13.884,4,8.6243,0.18821,1868.9,0.27362,0.006942,1,3,0,4,3,0,10,6,3
143.73,13.889,4,8.4769,0.15925,1869.3,0.27411,0.0069444,1,3,0,4,3,0,10,6,3
143.74,13.884,4,8.3326,0.13209,1869.7,0.27463,0.0069422,1,3,0,4,3,0,10,6,3
143.75,13.88,4,8.1912,0.10683,1870,0.27519,0.0069402,1,3,0,4,3,0,10,6,3
143.76,13.878,4,8.0529,0.083408,1870.4,0.27577,0.020817,1,3,0,4,3,0,10,6,3
143.77,13.875,4,7.9175,0.061693,1870.7,0.27639,0.020813,1,3,0,4,3,0,10,6,3
143.78,13.87,4,7.7852,0.041454,1871.1,0.27704,0.034676,1,3,0,4,3,0,10,6,3
143.79,13.867,4,7.6559,0.02241,1871.4,0.27772,0.034669,1,3,0,4,3,0,10,6,3
143.8,13.867,4,7.5295,0.0042569,1871.8,0.27844,0.048535,1,3,0,4,3,0,10,6,3
143.81,13.863,4,7.4062,-0.013307,1872.1,0.27919,0.048519,1,3,0,4,3,0,10,6,3
334.45,-0.0015847,0,3.2937,0.038632,837.33,0,7.9235E-07,1,3,0,4,5,0,10,6,3
334.46,-0.0021129,0,3.2875,0.046541,837.46,0,1.0565E-06,1,3,0,4,5,0,10,6,3
334.47,-0.0010716,0,3.2812,0.061647,837.58,0,-5.3578E-07,1,3,0,4,5,0,10,6,3
334.48,-3.0185E-05,0,3.275,0.085175,837.69,0,-4.5277E-08,1,3,0,4,5,0,10,6,3
334.49,-0.00065652,0,3.2688,0.11719,837.8,0,3.2826E-07,1,3,0,4,5,0,10,6,3
334.5,-0.0012828,0,3.2625,0.15594,837.89,0,6.4142E-07,1,3,0,4,5,0,10,6,3
334.51,-0.0010263,0,3.2563,0.1973,837.97,0,1.5394E-06,1,3,0,4,5,0,10,6,3
334.52,-0.00076971,0,3.2501,0.23445,838.04,0,1.1546E-06,1,3,0,4,5,0,10,6,3
334.53,-0.0015922,0,3.2441,0.25802,838.1,0,-7.9612E-07,1,3,0,4,5,0,10,6,3
334.54,-0.00084517,0,3.2382,0.2568,838.15,0,-4.2258E-07,1,3,0,4,5,0,10,6,3
334.55,0,0,3.2325,0.21923,838.19,0,0,1,3,0,4,5,0,10,6,3
334.56,32.299,0,3.1464,0.13546,821.76,0,-0.01615,1,3,0,4,5,0,10,6,3
334.57,32.299,0,0,0,0,0,0.01615,1,3,0,4,5,0,10,6,3
334.58,32.301,0,0,0,0,0,0.016151,1,3,0,4,5,0,10,6,3
334.59,32.304,0,0,0,0,0,-0.016152,1,3,0,4,5,0,10,6,3
334.6,32.305,0,0,0,0,0,-0.016153,1,3,0,4,5,0,10,6,3
334.61,32.307,0,0,0,0,0,-0.016154,1,3,0,4,5,0,10,6,3
334.62,32.31,0,0,0,0,0,-0.016155,1,3,0,4,5,0,10,6,3
334.63,32.312,0,0,0,0,0,-0.016156,1,3,0,4,5,0,10,6,3
334.64,32.312,0,0,0,0,0,0.016156,1,3,0,4,5,0,10,6,3
334.65,32.315,0,0,0,0,0,0.016157,1,3,0,4,5,0,10,6,3
334.66,32.317,0,0,0,0,0,0.016159,1,3,0,4,5,0,10,6,3
334.67,32.319,0,0,0,0,0,0.01616,1,3,0,4,5,0,10,6,3
334.68,32.321,0,0,0,0,0,-0.01616,1,3,0,4,5,0,10,6,3
334.69,32.323,0,0,0,0,0,-0.016162,1,3,0,4,5,0,10,6,3
334.7,32.325,0,0,0,0,0,0.016163,1,3,0,4,5,0,10,6,3
334.71,32.326,0,0,0,0,0,0.016163,1,3,0,4,5,0,10,6,3
0.046,0,0,0,0,0,-0.43263,0,0,4,0,0,5,0,10,6,3
0.056,0,0,0,0,0,-0.44127,0,0,4,0,0,5,0,10,6,3
0.066,0,0,0,0,0,-0.44992,0,0,4,0,0,5,0,10,6,3
0.078,0,0,0,0,0,-0.45861,0,0,4,0,0,5,0,10,6,3
0.086,0,0,0,0,0,-0.46725,0,0,4,0,0,5,0,10,6,3
0.096,0,0,0,0,0,-0.47589,0,0,4,0,0,5,0,10,6,3
0.106,0,0,0,0,0,-0.48465,0,0,4,0,0,5,0,10,6,3
0.116,0,0,0,0,0,-0.57608,0,0,4,0,0,5,0,10,6,3
0.128,0,0,0,0,0,-0.58686,0,0,4,0,0,5,0,10,6,3
0.136,0,0,0,0,0,-0.59605,0,0,4,0,0,5,0,10,6,3
0.147,-0.0035316,0,0,0,0,-0.60643,8.829E-06,0,4,0,0,5,0,10,6,3
0.156,-0.0074556,0,0,0,0,-0.61655,1.8639E-05,0,4,0,0,5,0,10,6,3
0.167,-0.010987,0,0,0,0,-0.62688,2.7468E-05,0,4,0,0,5,0,10,6,3
0.176,-0.013636,0,0,0,0,-0.63712,3.409E-05,0,4,0,0,5,0,10,6,3
0.186,-0.016088,0,0,0,0,-0.64743,4.0221E-05,0,4,0,0,5,0,10,6,3
0.196,-0.019326,0,0,0,0,-0.65782,4.8314E-05,0,4,0,0,5,0,10,6,3
0.206,-0.022563,0,0,0,0,-0.66829,5.6407E-05,0,4,0,0,5,0,10,6,3
0.216,-0.024721,0,0,0,0,-0.6788,6.1803E-05,0,4,0,0,5,0,10,6,3
0.227,-0.027174,0,0,0,0,-0.68933,6.7934E-05,0,4,0,0,5,0,10,6,3
0.237,-0.028841,0,0,0,0,-0.69991,0.00030283,0,4,0,0,5,0,10,6,3
0.246,-0.030705,0,0,0,0,-0.71054,0.00032241,0,4,0,0,5,0,10,6,3
0.256,-0.031883,0,0,0,0,-0.72123,0.00023912,0,4,0,0,5,0,10,6,3
515.53,12.225,5,5.0928,0.2825,1341.5,1.6254,-0.018338,0,4,0,0,7,0,10,6,3
515.54,12.226,5,5.0899,0.28326,1341.5,1.6245,-0.0061131,0,4,0,0,7,0,10,6,3
515.55,12.225,5,5.0865,0.28414,1341.5,1.6235,-0.0061125,0,4,0,0,7,0,10,6,3
515.56,12.225,5,5.0826,0.2851,1341.5,1.6226,0.018337,0,4,0,0,7,0,10,6,3
515.57,12.226,5,5.0783,0.28608,1341.4,1.6216,0.018339,0,4,0,0,7,0,10,6,3
515.58,12.225,5,5.0735,0.28699,1341.4,1.6207,0.0061123,0,4,0,0,7,0,10,6,3
515.59,12.225,5,5.0681,0.28777,1341.4,1.6197,0.0061125,0,4,0,0,7,0,10,6,3
515.6,12.224,5,5.0624,0.28833,1341.4,1.6188,0.018337,0,4,0,0,7,0,10,6,3
515.61,12.226,5,5.0561,0.28864,1341.4,1.6178,0.018338,0,4,0,0,7,0,10,6,3
515.62,12.224,5,5.0493,0.28864,1341.4,1.6169,0.018336,0,4,0,0,7,0,10,6,3
515.63,12.223,5,5.0421,0.28834,1341.4,1.616,0.018334,0,4,0,0,7,0,10,6,3
515.64,12.224,5,5.0344,0.28777,1341.4,1.615,-0.0061121,0,4,0,0,7,0,10,6,3
515.65,12.221,5,5.0262,0.28696,1341.4,1.6141,-0.0061105,0,4,0,0,7,0,10,6,3
515.66,12.222,5,5.0175,0.28601,1341.3,1.6244,-0.0061112,0,4,0,0,7,0,10,6,3
515.67,12.223,5,5.0083,0.28518,1341.3,1.6237,-0.0061114,0,4,0,0,7,0,10,6,3
515.68,12.223,5,4.9986,0.28439,1341.3,1.6229,0.0061115,0,4,0,0,7,0,10,6,3
515.69,12.222,5,4.9885,0.28372,1341.3,1.6222,0.0061111,0,4,0,0,7,0,10,6,3
515.7,12.221,5,4.9779,0.28325,1341.3,1.6214,0.0061107,0,4,0,0,7,0,10,6,3
515.71,12.225,5,4.9668,0.28302,1341.3,1.6207,0.0061126,0,4,0,0,7,0,10,6,3
515.72,12.223,5,4.9552,0.28307,1341.2,1.6199,-0.0061113,0,4,0,0,7,0,10,6,3
515.73,12.224,5,4.9431,0.28338,1341.2,1.6192,-0.0061122,0,4,0,0,7,0,10,6,3
515.74,12.223,5,4.9306,0.28391,1341.1,1.6184,-0.030559,0,4,0,0,7,0,10,6,3
1016.5,0,0,2.6653,-0.0064793,756.66,0,0,0,4,0,0,8,0,10,6,3
1016.5,0,0,2.6677,-0.0055332,756.66,0,0,0,4,0,0,8,0,10,6,3
1016.5,0,0,2.6701,-0.0045912,756.66,0,0,0,4,0,0,8,0,10,6,3
1016.5,0,0,2.6724,-0.0036838,756.67,0,0,0,4,0,0,8,0,10,6,3
1016.5,0,0,2.6746,-0.0028397,756.67,0,0,0,4,0,0,8,0,10,6,3
1016.5,0,0,2.6767,-0.0020832,756.68,0,0,0,4,0,0,8,0,10,6,3
1016.5,0,0,2.6788,-0.0014327,756.68,0,0,0,4,0,0,8,0,10,6,3
1016.6,0,0,2.6807,-0.00089947,756.68,0,0,0,4,0,0,8,0,10,6,3
1016.6,0,0,2.6825,-0.00048739,756.69,0,0,0,4,0,0,8,0,10,6,3
1016.6,0,0,2.6843,-0.00019292,756.69,0,0,0,4,0,0,8,0,10,6,3
1016.6,0,0,2.6859,-6.2047E-06,756.69,0,0,0,4,0,0,8,0,10,6,3
1016.6,0,0,2.6875,8.7669E-05,756.69,0,0,0,4,0,0,8,0,10,6,3
1016.6,0,0,2.689,0.00010691,756.7,0,0,0,4,0,0,8,0,10,6,3
1016.6,0,0,2.6178,7.1202E-05,741.84,0,0,0,4,0,0,8,0,10,6,3
1016.6,0,0,0,0,0,0,0,0,4,0,0,8,0,10,6,3
1016.6,0,0,0,0,0,0,0,0,4,0,0,8,0,10,6,3
1016.6,0,0,0,0,0,0,0,0,4,0,0,8,0,10,6,3
1016.7,0,0,0,0,0,0,0,0,4,0,0,8,0,10,6,3
1016.7,0,0,0,0,0,0,0,0,4,0,0,8,0,10,6,3
1016.7,0,0,0,0,0,0,0,0,4,0,0,8,0,10,6,3
1016.7,0,0,0,0,0,0,0,0,4,0,0,8,0,10,6,3
1016.7,0,0,0,0,0,0,0,0,4,0,0,8,0,10,6,3
1016.7,0,0,0,0,0,0,0,0,4,0,0,8,0,10,6,3
1016.7,0,0,0,0,0,0,0,0,4,0,0,8,0,10,6,3
1016.7,0,0,0,0,0,0,0,0,4,0,0,8,0,10,6,3
0.084,0,0,0,0,0,-0.11761,0,1,8,0,0,4,0,10,7,3
0.095,0,0,0,0,0,-0.12065,0,1,8,0,0,4,0,10,7,3
0.104,0,0,0,0,0,-0.12365,0,1,8,0,0,4,0,10,7,3
0.114,0,0,0,0,0,-0.1267,0,1,8,0,0,4,0,10,7,3
0.124,0,0,0,0,0,-0.12975,0,1,8,0,0,4,0,10,7,3
0.134,0,0,0,0,0,-0.13283,0,1,8,0,0,4,0,10,7,3
0.144,0,0,0,0,0,-0.13593,0,1,8,0,0,4,0,10,7,3
0.154,0,0,0,0,0,-0.13906,0,1,8,0,0,4,0,10,7,3
0.165,-0.0024525,0,0,0,0,-0.14222,6.1313E-06,1,8,0,0,4,0,10,7,3
0.174,-0.0044145,0,0,0,0,-0.14538,1.1036E-05,1,8,0,0,4,0,10,7,3
0.184,-0.0056898,0,0,0,0,-0.14857,1.4225E-05,1,8,0,0,4,0,10,7,3
0.194,-0.0076518,0,0,0,0,-0.15179,1.913E-05,1,8,0,0,4,0,10,7,3
0.204,-0.0094176,0,0,0,0,-0.15502,2.3544E-05,1,8,0,0,4,0,10,7,3
0.214,-0.011085,0,0,0,0,-0.15828,2.7713E-05,1,8,0,0,4,0,10,7,3
0.224,-0.012361,0,0,0,0,-0.16156,3.0902E-05,1,8,0,0,4,0,10,7,3
0.233,-0.014715,0,0,0,0,-0.16486,3.6788E-05,1,8,0,0,4,0,10,7,3
0.244,-0.016971,0,0,0,0,-0.16818,4.2428E-05,1,8,0,0,4,0,10,7,3
0.254,-0.018639,0,0,0,0,-0.17152,9.3195E-06,1,8,0,0,4,0,10,7,3
0.264,-0.019326,0,0,0,0,-0.17488,9.6628E-06,1,8,0,0,4,0,10,7,3
0.274,-0.020895,0,-1,-0.16094,-1,-0.17826,1.0448E-05,1,8,0,0,4,0,10,7,3
0.284,-0.023152,0,-1,-0.16513,-1,-0.18166,-1.1576E-05,1,8,0,0,4,0,10,7,3
0.294,-0.025604,0,-1,-0.16938,-1,-0.18509,-1.2802E-05,1,8,0,0,4,0,10,7,3
0.304,-0.027174,0,-1,-0.17368,-1,-0.18854,-1.3587E-05,1,8,0,0,4,0,10,7,3
0.314,-0.029038,0,-1,-0.17802,-1,-0.19201,1.4519E-05,1,8,0,0,4,0,10,7,3
0.324,-0.030803,0,-1,-0.18237,-1,-0.1955,1.5402E-05,1,8,0,0,4,0,10,7,3
1132,15.565,5,2.7,-0.35787,1687.1,-1.5133,-0.038913,1,8,0,0,4,0,10,7,3
1132.1,15.56,5,2.7,-0.37003,1686.7,-1.5153,-0.038899,1,8,0,0,4,0,10,7,3
1132.1,15.554,5,2.7,-0.3824,1686.4,-1.5172,0.023331,1,8,0,0,4,0,10,7,3
1132.1,15.554,5,2.7,-0.39485,1686.1,-1.519,0.023331,1,8,0,0,4,0,10,7,3
1132.1,15.553,5,2.7,-0.40727,1685.8,-1.5209,-0.1011,1,8,0,0,4,0,10,7,3
1132.1,15.555,5,2.7,-0.41956,1685.4,-1.5227,-0.10111,1,8,0,0,4,0,10,7,3
1132.1,15.552,5,2.7,-0.4316,1685.1,-1.5244,-0.11664,1,8,0,0,4,0,10,7,3
1132.1,15.546,5,2.7,-0.44332,1684.8,-1.5262,-0.11659,1,8,0,0,4,0,10,7,3
1132.1,15.556,5,2.7,-0.45463,1684.5,-1.5279,0.0077779,1,8,0,0,4,0,10,7,3
1132.1,15.554,5,2.7,-0.46548,1684.2,-1.5295,0.007777,1,8,0,0,4,0,10,7,3
1132.1,15.555,5,2.7,-0.47585,1683.9,-1.5312,-0.11666,1,8,0,0,4,0,10,7,3
1132.2,15.552,5,2.7,-0.48572,1683.5,-1.5328,-0.11664,1,8,0,0,4,0,10,7,3
1132.2,15.558,5,2.7,-0.49513,1683.2,-1.5344,-0.13224,1,8,0,0,4,0,10,7,3
1132.2,15.56,5,2.7,-0.5041,1682.9,-1.5358,-0.13226,1,8,0,0,4,0,10,7,3
1132.2,15.556,5,2.7,-0.51289,1682.6,-1.5373,0.054444,1,8,0,0,4,0,10,7,3
1132.2,15.538,5,2.7,-0.52135,1682.3,-1.5388,0.054384,1,8,0,0,4,0,10,7,3
1132.2,15.553,5,2.7,-0.52955,1682,-1.5402,0.069989,1,8,0,0,4,0,10,7,3
1132.2,15.549,5,2.7,-0.53752,1681.7,-1.5416,0.069972,1,8,0,0,4,0,10,7,3
1132.2,15.547,5,2.7,-0.54531,1681.4,-1.543,-0.10106,1,8,0,0,4,0,10,7,3
1132.2,15.529,5,2.7,-0.55296,1681.1,-1.5443,-0.10094,1,8,0,0,4,0,10,7,3
1132.2,15.521,5,2.7,-0.56048,1680.8,-1.5456,-0.054323,1,8,0,0,4,0,10,7,3
1132.3,15.527,5,2.7,-0.56791,1680.5,-1.5469,-0.054344,1,8,0,0,4,0,10,7,3
1132.3,15.527,5,2.7,-0.57526,1680.2,-1.5481,0.02329,1,8,0,0,4,0,10,7,3
2371,0.0016216,0,2.6991,-0.0012704,779.71,0,-8.1081E-07,1,8,0,0,4,0,10,7,3
2371,0.0017985,0,2.6995,-0.0010887,779.9,0,-8.9925E-07,1,8,0,0,4,0,10,7,3
2371,0.0017792,0,2.6997,-0.00089988,780.08,0,8.8959E-07,1,8,0,0,4,0,10,7,3
2371,0.00097505,0,2.6999,-0.00071156,780.25,0,4.8753E-07,1,8,0,0,4,0,10,7,3
2371,0.00017093,0,2.7,-0.00053065,780.42,0,-8.5466E-08,1,8,0,0,4,0,10,7,3
2371,0.00044591,0,2.7,-0.00036351,780.58,0,-2.2295E-07,1,8,0,0,4,0,10,7,3
2371.1,0.00072089,0,2.7,-0.00021593,780.73,0,-3.6044E-07,1,8,0,0,4,0,10,7,3
2371.1,0.00050536,0,2.6275,-9.3182E-05,765.52,0,-2.5268E-07,1,8,0,0,4,0,10,7,3
2371.1,0.00028984,0,0,0,0,0,1.4492E-07,1,8,0,0,4,0,10,7,3
2371.1,7.4318E-05,0,0,0,0,0,-3.7159E-08,1,8,0,0,4,0,10,7,3
2371.1,-0.0001412,0,0,0,0,0,7.0602E-08,1,8,0,0,4,0,10,7,3
2371.1,-0.00025863,0,0,0,0,0,1.2931E-07,1,8,0,0,4,0,10,7,3
2371.1,0.00011445,0,0,0,0,0,-5.7225E-08,1,8,0,0,4,0,10,7,3
2371.1,0.00048753,0,0,0,0,0,-2.4376E-07,1,8,0,0,4,0,10,7,3
2371.1,0.0006644,0,0,0,0,0,-3.322E-07,1,8,0,0,4,0,10,7,3
2371.1,0.00015458,0,0,0,0,0,-7.7291E-08,1,8,0,0,4,0,10,7,3
2371.2,-0.00025714,0,0,0,0,0,1.2857E-07,1,8,0,0,4,0,10,7,3
2371.2,1.7836E-05,0,0,0,0,0,-8.9182E-09,1,8,0,0,4,0,10,7,3
2371.2,0.00039091,0,0,0,0,0,-1.9546E-07,1,8,0,0,4,0,10,7,3
2371.2,0.00076399,0,0,0,0,0,-3.82E-07,1,8,0,0,4,0,10,7,3
2371.2,0.00084277,0,0,0,0,0,-4.2138E-07,1,8,0,0,4,0,10,7,3
2371.2,0.00092155,0,0,0,0,0,-4.6077E-07,1,8,0,0,4,0,10,7,3
2371.2,0.00021552,0,0,0,0,0,-1.0776E-07,1,8,0,0,4,0,10,7,3
2371.2,0,0,0,0,0,0,0,1,8,0,0,4,0,10,7,3
2371.2,0,0,0,0,0,0,0,1,8,0,0,4,0,10,7,3
0.101,0,0,0,0,0,-0.0060434,0,2,3,0,2,2,0,10,4,1
0.111,0,0,0,0,0,-0.0055704,0,2,3,0,2,2,0,10,4,1
0.121,0,0,0,0,0,-0.0050608,0,2,3,0,2,2,0,10,4,1
0.131,0,0,0,0,0,-0.0045717,0,2,3,0,2,2,0,10,4,1
0.141,0,0,0,0,0,-0.0040528,0,2,3,0,2,2,0,10,4,1
0.151,0,0,0,0,0,-0.0035479,0,2,3,0,2,2,0,10,4,1
0.162,0.0003924,0,0,0,0,-0.0030145,-9.81E-07,2,3,0,2,2,0,10,4,1
0.171,0.0006867,0,0,0,0,-0.0024921,-1.7168E-06,2,3,0,2,2,0,10,4,1
0.181,0.000981,0,0,0,0,-0.0019447,-2.4525E-06,2,3,0,2,2,0,10,4,1
0.191,0.000981,0,0,0,0,-0.001407,-2.4525E-06,2,3,0,2,2,0,10,4,1
0.201,0.001962,0,0,0,0,-0.00084517,-4.905E-06,2,3,0,2,2,0,10,4,1
0.211,0.0022563,0,0,0,0,-0.00029093,-5.6408E-06,2,3,0,2,2,0,10,4,1
0.221,0.0028449,0,0,0,0,0.00028566,-7.1123E-06,2,3,0,2,2,0,10,4,1
0.231,0.0034335,0,0,0,0,0.00085574,-8.5838E-06,2,3,0,2,2,0,10,4,1
0.241,0.0032373,0,0,0,0,0.0014477,-8.0932E-06,2,3,0,2,2,0,10,4,1
0.251,0.0042183,0,0,0,0,0.002034,2.1092E-06,2,3,0,2,2,0,10,4,1
0.261,0.0047088,0,0,0,0,0.0026418,2.3544E-06,2,3,0,2,2,0,10,4,1
0.271,0.0053955,0,-1,0.029903,-1,0.0032431,2.6977E-06,2,3,0,2,2,0,10,4,1
0.281,0.0057879,0,-1,0.03076,-1,0.0038644,2.8939E-06,2,3,0,2,2,0,10,4,1
0.291,0.0054936,0,-1,0.03163,-1,0.0044789,2.7468E-06,2,3,0,2,2,0,10,4,1
0.301,0.0064746,0,-1,0.03252,-1,0.005114,3.2373E-06,2,3,0,2,2,0,10,4,1
0.311,0.0066708,0,-1,0.033434,-1,0.0057416,3.3354E-06,2,3,0,2,2,0,10,4,1
0.321,0.0071613,0,-1,0.034375,-1,0.0063889,3.5806E-06,2,3,0,2,2,0,10,4,1
837.64,13.204,4,3.1876,-0.23005,1807.8,1.1034,-0.25749,2,3,0,2,2,0,10,4,1
837.65,13.202,4,3.2162,-0.23179,1807.7,1.1015,-0.23104,2,3,0,2,2,0,10,4,1
837.66,13.196,4,3.2457,-0.23355,1807.5,1.0996,-0.21773,2,3,0,2,2,0,10,4,1
837.67,13.189,4,3.2761,-0.23532,1807.4,1.0977,-0.20443,2,3,0,2,2,0,10,4,1
837.68,13.186,4,3.3072,-0.23707,1807.3,1.0958,-0.20438,2,3,0,2,2,0,10,4,1
837.69,13.184,4,3.3392,-0.2387,1807.2,1.0939,-0.21753,2,3,0,2,2,0,10,4,1
837.7,13.179,4,3.3719,-0.24009,1807.2,1.092,-0.21745,2,3,0,2,2,0,10,4,1
837.71,13.175,4,3.4055,-0.24106,1807.1,1.0901,-0.25692,2,3,0,2,2,0,10,4,1
837.72,13.171,4,3.4399,-0.24144,1807.2,1.0881,-0.25684,2,3,0,2,2,0,10,4,1
837.73,13.166,4,3.4752,-0.24107,1807.2,1.1277,-0.25673,2,3,0,2,2,0,10,4,1
837.74,13.161,4,3.5112,-0.2398,1807.2,1.1253,-0.25664,2,3,0,2,2,0,10,4,1
837.75,13.152,4,3.5481,-0.2375,1807.3,1.1229,-0.26961,2,3,0,2,2,0,10,4,1
837.76,13.151,4,3.5858,-0.23413,1807.4,1.1204,-0.26959,2,3,0,2,2,0,10,4,1
837.77,13.147,4,3.6243,-0.22966,1807.5,1.118,-0.23008,2,3,0,2,2,0,10,4,1
837.78,13.146,4,3.6637,-0.2241,1807.7,1.1156,-0.23006,2,3,0,2,2,0,10,4,1
837.79,13.14,0,3.7038,-0.21757,1807.9,1.1132,-0.21682,2,3,0,2,2,0,10,4,1
837.8,13.135,0,3.7448,-0.21022,1808.1,1.1107,-0.21673,2,3,0,2,2,0,10,4,1
837.81,13.128,0,3.7866,-0.20219,1808.3,1.1083,-0.256,2,3,0,2,2,0,10,4,1
837.82,13.125,0,3.8284,-0.19368,1808.6,1.1059,-0.25594,2,3,0,2,2,0,10,4,1
837.83,13.126,0,3.8701,-0.18486,1808.9,1.1035,-0.25595,2,3,0,2,2,0,10,4,1
837.84,13.12,0,3.9119,-0.1759,1809.2,1.1011,-0.25584,2,3,0,2,2,0,10,4,1
837.85,13.117,0,3.9537,-0.16698,1809.5,1.0987,-0.25578,2,3,0,2,2,0,10,4,1
837.86,13.116,0,3.9955,-0.15821,1809.9,1.0963,-0.25576,2,3,0,2,2,0,10,4,1
1747.3,-0.00035101,0,2.4,-0.00019764,771.68,0,-5.2652E-07,2,3,0,0,2,0,10,4,1
1747.3,-0.00094115,0,2.4,-0.0002004,771.53,0,-1.4117E-06,2,3,0,0,2,0,10,4,1
1747.3,-0.00055028,0,2.4,-0.00018916,771.38,0,-2.7514E-07,2,3,0,0,2,0,10,4,1
1747.3,-0.0010423,0,2.4,-0.00016539,771.24,0,-5.2116E-07,2,3,0,0,2,0,10,4,1
1747.3,-0.0019267,0,2.4,-0.00013133,771.1,0,-9.6337E-07,2,3,0,0,2,0,10,4,1
1747.3,-0.0011435,0,2.4,-8.9949E-05,770.97,0,-5.7174E-07,2,3,0,0,2,0,10,4,1
1747.3,-0.00075261,0,2.3333,-4.4823E-05,755.74,0,-1.1289E-06,2,3,0,0,2,0,10,4,1
1747.3,-0.00036174,0,0,0,0,0,-5.4262E-07,2,3,0,0,2,0,10,4,1
1747.4,-0.00105,0,0,0,0,0,-5.2499E-07,2,3,0,0,2,0,10,4,1
1747.4,-0.00016861,0,0,0,0,0,-8.4305E-08,2,3,0,0,2,0,10,4,1
1747.4,0.00032036,0,0,0,0,0,1.6018E-07,2,3,0,0,2,0,10,4,1
1747.4,-7.3575E-05,0,0,0,0,0,-3.6787E-08,2,3,0,0,2,0,10,4,1
1747.4,-0.00066371,0,0,0,0,0,-9.9556E-07,2,3,0,0,2,0,10,4,1
1747.4,2.1459E-05,0,0,0,0,0,3.2189E-08,2,3,0,0,2,0,10,4,1
1747.4,0.00021613,0,0,0,0,0,3.2419E-07,2,3,0,0,2,0,10,4,1
1747.4,-0.00037401,0,0,0,0,0,-5.6101E-07,2,3,0,0,2,0,10,4,1
1747.4,-0.00096414,0,0,0,0,0,-1.4462E-06,2,3,0,0,2,0,10,4,1
1747.4,-8.2772E-05,0,0,0,0,0,-1.2416E-07,2,3,0,0,2,0,10,4,1
1747.5,0.0005043,0,0,0,0,0,2.5215E-07,2,3,0,0,2,0,10,4,1
1747.5,0.00020846,0,0,0,0,0,1.0423E-07,2,3,0,0,2,0,10,4,1
1747.5,-0.00057787,0,0,0,0,0,2.8894E-07,2,3,0,0,2,0,10,4,1
1747.5,-8.8903E-05,0,0,0,0,0,4.4452E-08,2,3,0,0,2,0,10,4,1
1747.5,-0.00028664,0,0,0,0,0,-1.4332E-07,2,3,0,0,2,0,10,4,1
1747.5,-0.00058247,0,0,0,0,0,-2.9123E-07,2,3,0,0,2,0,10,4,1
1747.5,-0.0006821,0,0,0,0,0,3.4105E-07,2,3,0,0,2,0,10,4,1
1747.5,0.00049357,0,0,0,0,0,2.4678E-07,2,3,0,0,2,0,10,4,1
0.077,0,0,0,0,0,-0.47563,0,0,3,0,0,4,0,10,6,4
0.087,0,0,0,0,0,-0.48743,0,0,3,0,0,4,0,10,6,4
0.097,0,0,0,0,0,-0.49923,0,0,3,0,0,4,0,10,6,4
0.107,0,0,0,0,0,-0.51113,0,0,3,0,0,4,0,10,6,4
0.117,0,0,0,0,0,-0.52314,0,0,3,0,0,4,0,10,6,4
0.127,0,0,0,0,0,-0.53525,0,0,3,0,0,4,0,10,6,4
0.137,0,0,0,0,0,-0.54744,0,0,3,0,0,4,0,10,6,4
0.147,0,0,0,0,0,-0.55969,0,0,3,0,0,4,0,10,6,4
0.157,-0.0076518,0,0,0,0,-0.57203,1.913E-05,0,3,0,0,4,0,10,6,4
0.168,-0.015304,0,0,0,0,-0.58446,3.8259E-05,0,3,0,0,4,0,10,6,4
0.177,-0.022073,0,0,0,0,-0.59698,5.5181E-05,0,3,0,0,4,0,10,6,4
0.187,-0.028841,0,0,0,0,-0.60959,7.2104E-05,0,3,0,0,4,0,10,6,4
0.197,-0.036101,0,0,0,0,-0.62227,9.0252E-05,0,3,0,0,4,0,10,6,4
0.207,-0.043753,0,0,0,0,-0.63503,0.00010938,0,3,0,0,4,0,10,6,4
0.217,-0.05062,0,0,0,0,-0.64788,0.00012655,0,3,0,0,4,0,10,6,4
0.227,-0.057487,0,0,0,0,-0.66081,0.00014372,0,3,0,0,4,0,10,6,4
0.237,-0.063373,0,0,0,0,-0.67382,0.00015843,0,3,0,0,4,0,10,6,4
0.247,-0.07024,0,0,0,0,-0.6869,0.0001756,0,3,0,0,4,0,10,6,4
0.257,-0.077205,0,0,0,0,-0.70008,-3.8602E-05,0,3,0,0,4,0,10,6,4
0.267,-0.084758,0,-1,-0.63711,-1,-0.71334,-4.2379E-05,0,3,0,0,4,0,10,6,4
0.277,-0.092312,0,-1,-0.6539,-1,-0.72669,4.6156E-05,0,3,0,0,4,0,10,6,4
0.287,-0.098787,0,-1,-0.671,-1,-0.74012,4.9393E-05,0,3,0,0,4,0,10,6,4
0.297,-0.10634,0,-1,-0.68836,-1,-0.75363,5.317E-05,0,3,0,0,4,0,10,6,4
970.7,1.9439,0,2.7,0.042943,855,0.25873,0.0068038,0,3,0,0,4,0,10,6,4
970.71,1.9436,0,2.7,0.043158,854.75,0.25886,0.004859,0,3,0,0,4,0,10,6,4
970.72,1.9425,0,2.7,0.0433,854.5,0.25897,0.0048563,0,3,0,0,4,0,10,6,4
970.73,1.9424,0,2.7,0.043388,854.25,0.25907,0.0029136,0,3,0,0,4,0,10,6,4
970.74,1.9428,0,2.7,0.043444,854,0.25915,0.0029141,0,3,0,0,4,0,10,6,4
970.75,1.9422,0,2.7,0.043495,853.76,0.2592,0.00097108,0,3,0,0,4,0,10,6,4
970.76,1.9414,0,2.7,0.043562,853.52,0.25924,0.00097072,0,3,0,0,4,0,10,6,4
970.77,1.9435,0,2.7,0.043667,853.29,0.25927,-0.0029152,0,3,0,0,4,0,10,6,4
970.78,1.9435,0,2.7,0.043826,853.07,0.25927,-0.0029152,0,3,0,0,4,0,10,6,4
970.79,1.9425,0,2.7,0.04405,852.85,0.25926,-0.00097123,0,3,0,0,4,0,10,6,4
970.8,1.943,0,2.7,0.044341,852.64,0.25922,-0.00097151,0,3,0,0,4,0,10,6,4
970.81,1.9424,0,2.7,0.044699,852.43,0.25916,-0.0029136,0,3,0,0,4,0,10,6,4
970.82,1.9418,0,2.7,0.045118,852.24,0.2591,-0.0029127,0,3,0,0,4,0,10,6,4
970.83,1.9428,0,2.7,0.045592,852.05,0.25902,-0.0029141,0,3,0,0,4,0,10,6,4
970.84,1.943,0,2.7,0.046112,851.86,0.25893,-0.0029145,0,3,0,0,4,0,10,6,4
970.85,1.9424,0,2.7,0.046673,851.68,0.25881,-0.004856,0,3,0,0,4,0,10,6,4
970.86,1.9433,0,2.7,0.047272,851.51,0.25868,-0.0048582,0,3,0,0,4,0,10,6,4
970.87,1.9438,0,2.7,0.047911,851.35,0.25853,0.00097192,0,3,0,0,4,0,10,6,4
970.88,1.9431,0,2.7,0.048593,851.19,0.25836,0.00097157,0,3,0,0,4,0,10,6,4
970.89,1.9435,0,2.7,0.049326,851.04,0.25817,0.0029153,0,3,0,0,4,0,10,6,4
970.9,1.9439,0,2.7,0.050114,850.89,0.25797,0.0029158,0,3,0,0,4,0,10,6,4
970.91,1.9451,0,2.7,0.050959,850.75,0.25774,0.0048628,0,3,0,0,4,0,10,6,4
1937.3,0.0056641,0,3.1,-0.004135,781.21,0,2.8321E-06,0,3,0,0,4,0,10,6,4
1937.3,0.0037127,0,3.1,-0.0028945,781.54,0,1.8564E-06,0,3,0,0,4,0,10,6,4
1937.3,0.003429,0,3.1,-0.0017726,781.86,0,1.7145E-06,0,3,0,0,4,0,10,6,4
1937.3,0.0042243,0,3.0196,-0.00079887,766.74,0,-2.1122E-06,0,3,0,0,4,0,10,6,4
1937.3,0.003352,0,0,0,0,0,-1.676E-06,0,3,0,0,4,0,10,6,4
1937.3,0.001793,0,0,0,0,0,2.6894E-06,0,3,0,0,4,0,10,6,4
1937.3,0.0018035,0,0,0,0,0,2.7053E-06,0,3,0,0,4,0,10,6,4
1937.4,0.0027951,0,0,0,0,0,-1.3975E-06,0,3,0,0,4,0,10,6,4
1937.4,0.002119,0,0,0,0,0,-1.0595E-06,0,3,0,0,4,0,10,6,4
1937.4,0.00016752,0,0,0,0,0,8.3762E-08,0,3,0,0,4,0,10,6,4
1937.4,0.00027619,0,0,0,0,0,1.3809E-07,0,3,0,0,4,0,10,6,4
1937.4,0.001464,0,0,0,0,0,7.3198E-07,0,3,0,0,4,0,10,6,4
1937.4,0.00049352,0,0,0,0,0,2.4676E-07,0,3,0,0,4,0,10,6,4
1937.4,-0.00096742,0,0,0,0,0,-4.8371E-07,0,3,0,0,4,0,10,6,4
1937.4,2.4148E-05,0,0,0,0,0,1.2074E-08,0,3,0,0,4,0,10,6,4
1937.4,0.0011138,0,0,0,0,0,-5.5691E-07,0,3,0,0,4,0,10,6,4
1937.4,0.00063388,0,0,0,0,0,-3.1694E-07,0,3,0,0,4,0,10,6,4
1937.5,-0.00072896,0,0,0,0,0,3.6448E-07,0,3,0,0,4,0,10,6,4
1937.5,-0.00012979,0,0,0,0,0,6.4897E-08,0,3,0,0,4,0,10,6,4
1937.5,0.0011561,0,0,0,0,0,5.7804E-07,0,3,0,0,4,0,10,6,4
1937.5,0.00077424,0,0,0,0,0,3.8712E-07,0,3,0,0,4,0,10,6,4
1937.5,0,0,0,0,0,0,0,0,3,0,0,4,0,10,6,4
1937.5,0,0,0,0,0,0,0,0,3,0,0,4,0,10,6,4
1937.5,0,0,0,0,0,0,0,0,3,0,0,4,0,10,6,4
1937.5,0,0,0,0,0,0,0,0,3,0,0,4,0,10,6,4
1937.5,0,0,0,0,0,0,0,0,3,0,0,4,0,10,6,4
0.069,0,0,0,0,0,7.7159E-16,0,1,7,0,0,3,0,10,7,3
0.079,0,0,0,0,0,-1.9374E-15,0,1,7,0,0,3,0,10,7,3
0.088,0,0,0,0,0,-6.4772E-16,0,1,7,0,0,3,0,10,7,3
0.099,0,0,0,0,0,1.6553E-15,0,1,7,0,0,3,0,10,7,3
0.11,0,0,0,0,0,-1.2853E-15,0,1,7,0,0,3,0,10,7,3
0.119,0,0,0,0,0,1.1847E-15,0,1,7,0,0,3,0,10,7,3
0.129,0,0,0,0,0,-2.112E-15,0,1,7,0,0,3,0,10,7,3
0.139,0,0,0,0,0,1.7812E-15,0,1,7,0,0,3,0,10,7,3
0.148,0.0048069,0,0,0,0,3.4909E-16,-1.2017E-05,1,7,0,0,3,0,10,7,3
0.159,0.0079461,0,0,0,0,-5.3164E-16,-1.9865E-05,1,7,0,0,3,0,10,7,3
0.169,0.0097119,0,0,0,0,1.9096E-15,-2.428E-05,1,7,0,0,3,0,10,7,3
0.179,0.011674,0,0,0,0,9.9639E-16,-2.9185E-05,1,7,0,0,3,0,10,7,3
0.188,0.015206,0,0,0,0,-2.8212E-16,-3.8014E-05,1,7,0,0,3,0,10,7,3
0.198,0.017854,0,0,0,0,-2.2816E-15,-4.4636E-05,1,7,0,0,3,0,10,7,3
0.209,0.020012,0,0,0,0,1.8796E-15,-5.0031E-05,1,7,0,0,3,0,10,7,3
0.219,0.023642,0,0,0,0,-1.1919E-16,-5.9105E-05,1,7,0,0,3,0,10,7,3
0.229,0.028155,0,0,0,0,-1.9398E-16,-7.0387E-05,1,7,0,0,3,0,10,7,3
0.238,0.030607,0,0,0,0,6.4621E-16,-7.6518E-05,1,7,0,0,3,0,10,7,3
0.249,0.031981,0,0,0,0,5.2074E-16,-1.599E-05,1,7,0,0,3,0,10,7,3
0.259,0.035512,0,0,0,0,1.1167E-15,-1.7756E-05,1,7,0,0,3,0,10,7,3
0.269,0.040025,0,-1,0.21279,-1,-9.3942E-16,2.0012E-05,1,7,0,0,3,0,10,7,3
0.279,0.043066,0,-1,0.21892,-1,1.1662E-15,2.1533E-05,1,7,0,0,3,0,10,7,3
0.288,0.044832,0,-1,0.22511,-1,-3.1574E-16,-6.7248E-05,1,7,0,0,3,0,10,7,3
1880.8,27.749,5,24.579,0.39593,3001.5,-0.15991,-0.041624,1,7,0,0,2,0,10,7,3
1880.8,27.754,5,24.637,0.39724,3001.9,-0.15807,-0.041631,1,7,0,0,2,0,10,7,3
1880.8,27.757,5,24.694,0.39849,3002.4,-0.15622,0.041635,1,7,0,0,2,0,10,7,3
1880.8,27.76,5,24.751,0.39965,3002.8,-0.15436,0.04164,1,7,0,0,2,0,10,7,3
1880.8,27.767,5,24.809,0.4007,3003.2,-0.15253,0.013883,1,7,0,0,2,0,10,7,3
1880.8,27.772,5,24.866,0.40161,3003.7,-0.15067,0.013886,1,7,0,0,2,0,10,7,3
1880.8,27.776,5,24.921,0.40246,3004.1,-0.1488,0.013888,1,7,0,0,2,0,10,7,3
1880.8,27.778,5,24.973,0.40315,3004.5,-0.14692,0.013889,1,7,0,0,2,0,10,7,3
1880.8,27.781,5,25.022,0.40366,3005,-0.14503,0.069452,1,7,0,0,2,0,10,7,3
1880.8,27.783,5,25.068,0.404,3005.4,-0.14316,0.069459,1,7,0,0,2,0,10,7,3
1880.9,27.789,5,25.112,0.40421,3005.8,-0.14127,0.013895,1,7,0,0,2,0,10,7,3
1880.9,27.796,5,25.153,0.40426,3006.3,-0.13939,0.013898,1,7,0,0,2,0,10,7,3
1880.9,27.801,5,25.192,0.40417,3006.7,-0.13749,-0.041701,1,7,0,0,2,0,10,7,3
1880.9,27.803,5,25.227,0.40395,3007.1,-0.13561,-0.041705,1,7,0,0,2,0,10,7,3
1880.9,27.805,5,25.26,0.40364,3007.6,-0.13371,0.069511,1,7,0,0,2,0,10,7,3
1880.9,27.809,5,25.291,0.40325,3008,-0.13182,0.069524,1,7,0,0,2,0,10,7,3
1880.9,27.812,5,25.318,0.40283,3008.4,-0.12992,0.013906,1,7,0,0,2,0,10,7,3
1880.9,27.817,5,25.343,0.4024,3008.9,-0.12803,0.013908,1,7,0,0,2,0,10,7,3
1880.9,27.823,5,25.365,0.402,3009.3,-0.12612,-0.069558,1,7,0,0,2,0,10,7,3
1880.9,27.828,5,25.385,0.40175,3009.7,-0.12422,-0.069569,1,7,0,0,2,0,10,7,3
1881,27.83,5,25.401,0.40158,3010.1,-0.12232,-0.013915,1,7,0,0,2,0,10,7,3
1881,27.831,5,25.415,0.40151,3010.6,-0.12042,-0.013916,1,7,0,0,2,0,10,7,3
1881,27.835,5,25.426,0.40152,3011,-0.11851,0.013917,1,7,0,0,2,0,10,7,3
1881,27.842,5,25.435,0.40162,3011.4,-0.1166,0.013921,1,7,0,0,2,0,10,7,3
1881,27.849,5,25.441,0.40178,3011.9,-0.1147,-0.09747,1,7,0,0,2,0,10,7,3
1881,27.851,5,25.444,0.40197,3012.3,-0.11279,-0.097477,1,7,0,0,2,0,10,7,3
1881,27.854,5,25.444,0.40215,3012.7,-0.11088,-0.041781,1,7,0,0,2,0,10,7,3
3972.9,0,0,2.7,0,722.5,0,0,1,7,0,0,2,0,10,7,3
3973,0,0,2.7,0,722.5,0,0,1,7,0,0,2,0,10,7,3
3973,0,0,2.7,0,722.5,0,0,1,7,0,0,2,0,10,7,3
3973,0,0,2.7,0,722.5,0,0,1,7,0,0,2,0,10,7,3
3973,0,0,2.7,0,722.5,0,0,1,7,0,0,2,0,10,7,3
3973,0,0,2.7,0,722.5,0,0,1,7,0,0,2,0,10,7,3
3973,0,0,2.7,0,722.5,0,0,1,7,0,0,2,0,10,7,3
3973,0,0,2.7,0,722.5,0,0,1,7,0,0,2,0,10,7,3
3973,0,0,2.7,0,722.5,0,0,1,7,0,0,2,0,10,7,3
3973,0,0,2.7,0,722.5,0,0,1,7,0,0,2,0,10,7,3
3973,0,0,2.7,0,722.5,0,0,1,7,0,0,2,0,10,7,3
3973.1,0,0,2.7,0,722.5,0,0,1,7,0,0,2,0,10,7,3
3973.1,0,0,2.7,0,722.5,0,0,1,7,0,0,2,0,10,7,3
3973.1,0,0,2.7,0,722.5,0,0,1,7,0,0,2,0,10,7,3
3973.1,0,0,2.6275,0,708.31,0,0,1,7,0,0,2,0,10,7,3
3973.1,0,0,0,0,0,0,0,1,7,0,0,2,0,10,7,3
3973.1,0,0,0,0,0,0,0,1,7,0,0,2,0,10,7,3
3973.1,0,0,0,0,0,0,0,1,7,0,0,2,0,10,7,3
3973.1,0,0,0,0,0,0,0,1,7,0,0,2,0,10,7,3
3973.1,0,0,0,0,0,0,0,1,7,0,0,2,0,10,7,3
3973.1,0,0,0,0,0,0,0,1,7,0,0,2,0,10,7,3
3973.2,0,0,0,0,0,0,0,1,7,0,0,2,0,10,7,3
3973.2,0,0,0,0,0,0,0,1,7,0,0,2,0,10,7,3
3973.2,0,0,0,0,0,0,0,1,7,0,0,2,0,10,7,3
3973.2,0,0,0,0,0,0,0,1,7,0,0,2,0,10,7,3
3973.2,0,0,0,0,0,0,0,1,7,0,0,2,0,10,7,3
3973.2,0,0,0,0,0,0,0,1,7,0,0,2,0,10,7,3
3973.2,0,0,0,0,0,0,0,1,7,0,0,2,0,10,7,3
3973.2,0,0,0,0,0,0,0,1,7,0,0,2,0,10,7,3
3973.2,0,0,0,0,0,0,0,1,7,0,0,2,0,10,7,3
3973.2,0,0,0,0,0,0,0,1,7,0,0,2,0,10,7,3
3973.3,0,0,0,0,0,0,0,1,7,0,0,2,0,10,7,3
3973.3,0,0,0,0,0,0,0,1,7,0,0,2,0,10,7,3
3973.3,0,0,0,0,0,0,0,1,7,0,0,2,0,10,7,3
0.097,0,0,0,0,0,0.040575,0,0,3,0,0,4,0,10,7,3
0.107,0,0,0,0,0,0.041782,0,0,3,0,0,4,0,10,7,3
0.117,0,0,0,0,0,0.043,0,0,3,0,0,4,0,10,7,3
0.126,0,0,0,0,0,0.044229,0,0,3,0,0,4,0,10,7,3
0.137,0.0007848,0,0,0,0,0.045466,-3.924E-07,0,3,0,0,4,0,10,7,3
0.146,0.001962,0,0,0,0,0.046712,-9.81E-07,0,3,0,0,4,0,10,7,3
0.156,0.0028449,0,0,0,0,0.047966,-1.4225E-06,0,3,0,0,4,0,10,7,3
0.167,0.0047088,0,0,0,0,0.049226,-2.3544E-06,0,3,0,0,4,0,10,7,3
0.176,0.0050031,0,0,0,0,0.050489,-2.5016E-06,0,3,0,0,4,0,10,7,3
0.187,0.0056898,0,0,0,0,0.051756,-8.5347E-06,0,3,0,0,4,0,10,7,3
0.196,0.0059841,0,0,0,0,0.053039,-8.9762E-06,0,3,0,0,4,0,10,7,3
0.207,0.006867,0,0,0,0,0.05435,3.4335E-06,0,3,0,0,4,0,10,7,3
0.217,0.008829,0,0,0,0,0.055722,4.4145E-06,0,3,0,0,4,0,10,7,3
0.226,0.0095157,0,0,0,0,0.057833,-4.7579E-06,0,3,0,0,4,0,10,7,3
0.237,0.010104,0,0,0,0,0.059195,-5.0522E-06,0,3,0,0,4,0,10,7,3
0.246,0.010202,0,0,0,0,0.06054,-5.1012E-06,0,3,0,0,4,0,10,7,3
0.257,0.010301,0,0,0,0,0.061908,-5.1503E-06,0,3,0,0,4,0,10,7,3
0.267,0.01187,0,-1,0.06772,-1,0.063273,-5.9351E-06,0,3,0,0,4,0,10,7,3
0.276,0.012361,0,-1,0.069672,-1,0.064649,-6.1803E-06,0,3,0,0,4,0,10,7,3
0.287,0.013342,0,-1,0.071614,-1,0.066037,-6.6708E-06,0,3,0,0,4,0,10,7,3
0.296,0.013832,0,-1,0.073524,-1,0.067437,-6.9161E-06,0,3,0,0,4,0,10,7,3
0.307,0.01393,0,-1,0.07538,-1,0.068844,6.9651E-06,0,3,0,0,4,0,10,7,3
0.317,0.015009,0,-1,0.077157,-1,0.070258,7.5047E-06,0,3,0,0,4,0,10,7,3
0.326,0.015206,0,-1,0.078827,-1,0.071681,7.6028E-06,0,3,0,0,4,0,10,7,3
828.01,8.0204,2,6.6926,0.10272,2303.3,0.43807,0.020051,0,3,0,0,4,0,10,7,3
828.02,8.0224,2,6.6956,0.10103,2303.2,0.43912,0.020056,0,3,0,0,4,0,10,7,3
828.03,8.0234,2,6.6978,0.09954,2303.1,0.44018,0.0040117,0,3,0,0,4,0,10,7,3
828.04,8.0265,2,6.6993,0.09824,2303,0.44128,0.0040132,0,3,0,0,4,0,10,7,3
828.05,8.03,2,6.7,0.097116,2302.9,0.4424,-0.012045,0,3,0,0,4,0,10,7,3
828.06,8.0346,2,6.7,0.096141,2302.8,0.44355,-0.012052,0,3,0,0,4,0,10,7,3
828.07,8.0374,2,6.7,0.095287,2302.7,0.44472,-0.012056,0,3,0,0,4,0,10,7,3
828.08,8.0433,2,6.7,0.094532,2302.6,0.44593,-0.012065,0,3,0,0,4,0,10,7,3
828.09,8.0489,2,6.7,0.093863,2302.5,0.44715,-0.044269,0,3,0,0,4,0,10,7,3
828.1,8.0528,2,6.7,0.093281,2302.5,0.4484,-0.04429,0,3,0,0,4,0,10,7,3
828.11,8.0561,2,6.7,0.092798,2302.4,0.44967,-0.036253,0,3,0,0,4,0,10,7,3
828.12,8.0576,2,6.7,0.092621,2302.4,0.45097,-0.036259,0,3,0,0,4,0,10,7,3
828.13,8.0609,2,6.7,0.092597,2302.4,0.45229,-0.036274,0,3,0,0,4,0,10,7,3
828.14,8.0639,2,6.7,0.09275,2302.3,0.45364,-0.036287,0,3,0,0,4,0,10,7,3
828.15,8.0636,2,6.7,0.093098,2302.3,0.45501,-0.012095,0,3,0,0,4,0,10,7,3
828.16,8.0642,2,6.7,0.093638,2302.3,0.45641,-0.012096,0,3,0,0,4,0,10,7,3
828.17,8.0648,2,6.7,0.094346,2302.3,0.45783,-0.0040324,0,3,0,0,4,0,10,7,3
828.18,8.0611,2,6.7,0.095167,2302.3,0.45927,-0.0040306,0,3,0,0,4,0,10,7,3
828.19,8.0608,2,6.7006,0.096016,2302.4,0.46073,-0.012091,0,3,0,0,4,0,10,7,3
828.2,8.0596,2,6.7017,0.096775,2302.4,0.46223,-0.012089,0,3,0,0,4,0,10,7,3
828.21,8.0578,2,6.7034,0.097306,2302.4,0.46374,-0.0040289,0,3,0,0,4,0,10,7,3
828.22,8.0556,2,6.7057,0.097452,2302.5,0.46529,-0.0040278,0,3,0,0,4,0,10,7,3
828.23,8.0539,2,6.7086,0.097056,2302.5,0.46678,-0.0040269,0,3,0,0,4,0,10,7,3
828.24,8.0558,2,6.712,0.096193,2302.6,0.46835,-0.0040279,0,3,0,0,4,0,10,7,3
828.25,8.0538,2,6.716,0.094531,2302.7,0.46998,0.0040269,0,3,0,0,4,0,10,7,3
1756,0.0073084,0,2.7,0.013785,794.02,0,-1.8271E-05,0,3,0,0,4,1,10,7,3
1756,0.0071613,0,2.7,0.011519,794.36,0,-1.7903E-05,0,3,0,0,4,1,10,7,3
1756,0.0064255,0,2.7,0.0093033,794.68,0,-9.6383E-06,0,3,0,0,4,1,10,7,3
1756,0.0073575,0,2.7,0.0071815,794.99,0,-1.1036E-05,0,3,0,0,4,1,10,7,3
1756,0.006916,0,2.7,0.0051826,795.28,0,3.458E-06,0,3,0,0,4,1,10,7,3
1756,0.0057879,0,2.7,0.0033212,795.56,0,2.8939E-06,0,3,0,0,4,1,10,7,3
1756,0.0045616,0,2.6275,0.0015977,780.15,0,2.2808E-06,0,3,0,0,4,1,10,7,3
1756,0.0052974,0,0,0,0,0,2.6487E-06,0,3,0,0,4,1,10,7,3
1756,0.0045616,0,0,0,0,0,6.8425E-06,0,3,0,0,4,1,10,7,3
1756.1,0.0038259,0,0,0,0,0,5.7388E-06,0,3,0,0,4,1,10,7,3
1756.1,0.0030901,0,0,0,0,0,4.6352E-06,0,3,0,0,4,1,10,7,3
1756.1,0.0023544,0,0,0,0,0,3.5316E-06,0,3,0,0,4,1,10,7,3
1756.1,0.0014224,0,0,0,0,0,2.1337E-06,0,3,0,0,4,1,10,7,3
1756.1,0.0005886,0,0,0,0,0,8.829E-07,0,3,0,0,4,1,10,7,3
1756.1,0.0012262,0,0,0,0,0,6.1312E-07,0,3,0,0,4,1,10,7,3
1756.1,0.0004905,0,0,0,0,0,2.4525E-07,0,3,0,0,4,1,10,7,3
1756.1,0.00014715,0,0,0,0,0,7.3575E-08,0,3,0,0,4,1,10,7,3
1756.1,0,0,0,0,0,0,0,0,3,0,0,4,1,10,7,3
1756.1,0,0,0,0,0,0,0,0,3,0,0,4,1,10,7,3
1756.2,0,0,0,0,0,0,0,0,3,0,0,4,1,10,7,3
1756.2,0,0,0,0,0,0,0,0,3,0,0,4,1,10,7,3
1756.2,0,0,0,0,0,0,0,0,3,0,0,4,1,10,7,3
1756.2,0,0,0,0,0,0,0,0,3,0,0,4,1,10,7,3
1756.2,0,0,0,0,0,0,0,0,3,0,0,4,1,10,7,3
1756.2,0,0,0,0,0,0,0,0,3,0,0,4,1,10,7,3
1756.2,0,0,0,0,0,0,0,0,3,0,0,4,1,10,7,3
0.087,0,0,0,0,0,-0.38973,0,0,3,0,0,3,1,9,6,3
0.097,0,0,0,0,0,-0.39938,0,0,3,0,0,3,1,9,6,3
0.107,0,0,0,0,0,-0.40902,0,0,3,0,0,3,1,9,6,3
0.117,0,0,0,0,0,-0.41874,0,0,3,0,0,3,1,9,6,3
0.127,0,0,0,0,0,-0.42854,0,0,3,0,0,3,1,9,6,3
0.136,0,0,0,0,0,-0.43844,0,0,3,0,0,3,1,9,6,3
0.148,-0.0061803,0,0,0,0,-0.44839,1.5451E-05,0,3,0,0,3,1,9,6,3
0.157,-0.012361,0,0,0,0,-0.45841,3.0902E-05,0,3,0,0,3,1,9,6,3
0.167,-0.018443,0,0,0,0,-0.46848,4.6107E-05,0,3,0,0,3,1,9,6,3
0.177,-0.023642,0,0,0,0,-0.47863,5.9105E-05,0,3,0,0,3,1,9,6,3
0.187,-0.029136,0,0,0,0,-0.48886,7.2839E-05,0,3,0,0,3,1,9,6,3
0.197,-0.03512,0,0,0,0,-0.49916,8.78E-05,0,3,0,0,3,1,9,6,3
0.207,-0.039829,0,0,0,0,-0.50952,9.9572E-05,0,3,0,0,3,1,9,6,3
0.217,-0.045715,0,0,0,0,-0.51994,0.00011429,0,3,0,0,3,1,9,6,3
0.227,-0.05111,0,0,0,0,-0.53043,0.00012778,0,3,0,0,3,1,9,6,3
0.237,-0.057781,0,0,0,0,-0.54099,2.889E-05,0,3,0,0,3,1,9,6,3
0.247,-0.063373,0,0,0,0,-0.55161,3.1686E-05,0,3,0,0,3,1,9,6,3
0.257,-0.069357,0,0,0,0,-0.5623,-3.4678E-05,0,3,0,0,3,1,9,6,3
0.267,-0.075341,0,-1,-0.52475,-1,-0.57306,-3.767E-05,0,3,0,0,3,1,9,6,3
0.277,-0.080736,0,-1,-0.53805,-1,-0.58389,4.0368E-05,0,3,0,0,3,1,9,6,3
0.287,-0.087309,0,-1,-0.55157,-1,-0.59479,4.3655E-05,0,3,0,0,3,1,9,6,3
0.297,-0.092508,0,-1,-0.56528,-1,-0.60576,4.6254E-05,0,3,0,0,3,1,9,6,3
0.307,-0.098787,0,-1,-0.57911,-1,-0.61679,0.00014818,0,3,0,0,3,1,9,6,3
0.317,-0.10418,0,-1,-0.59294,-1,-0.62789,0.00015627,0,3,0,0,3,1,9,6,3
0.328,-0.11036,0,-1,-0.60666,-1,-0.63905,-5.5181E-05,0,3,0,0,3,1,9,6,3
1356.4,-0.00048284,0,2.7,-0.7964,756.39,-4.6451,2.4142E-07,0,3,0,0,6,1,7,6,3
1356.4,-0.00018087,0,2.7,-0.79675,756.54,-4.6453,9.0436E-08,0,3,0,0,6,1,7,6,3
1356.4,0.0011021,0,2.7,-0.79699,756.69,-4.6454,-5.5105E-07,0,3,0,0,6,1,7,6,3
1356.4,0.00061926,0,2.7,-0.79709,756.85,-4.6456,-3.0963E-07,0,3,0,0,6,1,7,6,3
1356.4,-0.00015788,0,2.7,-0.79704,757.01,-4.6457,-7.894E-08,0,3,0,0,6,1,7,6,3
1356.5,-5.2116E-05,0,2.7,-0.79686,757.17,-4.6459,-2.6058E-08,0,3,0,0,6,1,7,6,3
1356.5,0.0012308,0,2.7,-0.79654,757.32,-4.646,-6.1542E-07,0,3,0,0,6,1,7,6,3
1356.5,0.00074801,0,2.7,-0.7961,757.48,-4.6462,-3.7401E-07,0,3,0,0,6,1,7,6,3
1356.5,0.00026518,0,2.7,-0.79556,757.64,-4.6463,1.3259E-07,0,3,0,0,6,1,7,6,3
1356.5,0.00046904,0,2.7,-0.79497,757.8,-4.6465,2.3452E-07,0,3,0,0,6,1,7,6,3
1356.5,0.001752,0,2.7,-0.79435,757.95,-4.6466,8.76E-07,0,3,0,0,6,1,7,6,3
1356.5,0.001073,0,2.7,-0.79375,758.11,-4.6468,5.3648E-07,0,3,0,0,6,1,7,6,3
1356.5,1.5328E-06,0,2.7,-0.7932,758.27,-4.6469,7.6641E-10,0,3,0,0,6,1,7,6,3
1356.5,-0.000187,0,2.7,-0.79298,758.43,-4.6471,-9.3502E-08,0,3,0,0,6,1,7,6,3
1356.5,0.00060546,0,2.7,-0.79287,758.58,-4.6461,-3.0273E-07,0,3,0,0,6,1,7,6,3
1356.6,0.00041692,0,2.7,-0.79289,758.74,-4.6462,-2.0846E-07,0,3,0,0,6,1,7,6,3
1356.6,-0.00016401,0,2.7,-0.79304,758.9,-4.6464,-8.2005E-08,0,3,0,0,6,1,7,6,3
1356.6,0.00053035,0,2.7,-0.79333,759.06,-4.6465,2.6518E-07,0,3,0,0,6,1,7,6,3
1356.6,0.0018133,0,2.7,-0.79375,759.21,-4.6466,-9.0666E-07,0,3,0,0,6,1,7,6,3
1356.6,0.00083998,0,2.7,-0.79427,759.35,-4.6468,-4.1999E-07,0,3,0,0,6,1,7,6,3
1356.6,-0.0011144,0,2.7,-0.79488,759.49,-4.6469,-5.5718E-07,0,3,0,0,6,1,7,6,3
1356.6,-0.001401,0,2.7,-0.79555,759.63,-4.647,-7.005E-07,0,3,0,0,6,1,7,6,3
1356.6,-0.00051043,0,2.7,-0.79625,759.75,-4.6472,2.5521E-07,0,3,0,0,6,1,7,6,3
1356.6,-0.00040466,0,2.7,-0.79695,759.87,-4.6473,2.0233E-07,0,3,0,0,6,1,7,6,3
1356.6,-0.0009856,0,2.7,-0.79763,759.99,-4.6474,-4.928E-07,0,3,0,0,6,1,7,6,3
1356.7,-0.00068363,0,2.7,-0.79827,760.09,-4.6476,-3.4182E-07,0,3,0,0,6,1,7,6,3
1356.7,-8.737E-05,0,2.7,-0.79885,760.19,-4.6477,4.3685E-08,0,3,0,0,6,1,7,6,3
3015.8,0,0,2.7,-0.0014068,760.43,0,0,0,3,0,0,4,1,7,6,3
3015.8,0,0,2.7,-0.0011876,760.7,0,0,0,3,0,0,4,1,7,6,3
3015.8,0,0,2.7,-0.0009537,760.97,0,0,0,3,0,0,4,1,7,6,3
3015.8,0,0,2.7,-0.00071925,761.24,0,0,0,3,0,0,4,1,7,6,3
3015.8,0,0,2.7,-0.00049724,761.51,0,0,0,3,0,0,4,1,7,6,3
3015.8,0,0,2.7,-0.00029855,761.78,0,0,0,3,0,0,4,1,7,6,3
3015.8,0,0,2.6275,-0.00013122,746.95,0,0,0,3,0,0,4,1,7,6,3
3015.8,0,0,0,0,0,0,0,0,3,0,0,4,1,7,6,3
3015.8,0,0,0,0,0,0,0,0,3,0,0,4,1,7,6,3
3015.8,0,0,0,0,0,0,0,0,3,0,0,4,1,7,6,3
3015.8,0,0,0,0,0,0,0,0,3,0,0,4,1,7,6,3
3015.9,0,0,0,0,0,0,0,0,3,0,0,4,1,7,6,3
3015.9,0,0,0,0,0,0,0,0,3,0,0,4,1,7,6,3
3015.9,0,0,0,0,0,0,0,0,3,0,0,4,1,7,6,3
3015.9,0,0,0,0,0,0,0,0,3,0,0,4,1,7,6,3
3015.9,0,0,0,0,0,0,0,0,3,0,0,4,1,7,6,3
3015.9,0,0,0,0,0,0,0,0,3,0,0,4,1,7,6,3
3015.9,0,0,0,0,0,0,0,0,3,0,0,4,1,7,6,3
3015.9,0,0,0,0,0,0,0,0,3,0,0,4,1,7,6,3
3015.9,0,0,0,0,0,0,0,0,3,0,0,4,1,7,6,3
3015.9,0,0,0,0,0,0,0,0,3,0,0,4,1,7,6,3
3016,0,0,0,0,0,0,0,0,3,0,0,4,1,7,6,3
3016,0,0,0,0,0,0,0,0,3,0,0,4,1,7,6,3
3016,0,0,0,0,0,0,0,0,3,0,0,4,1,7,6,3
3016,0,0,0,0,0,0,0,0,3,0,0,4,1,7,6,3
3016,0,0,0,0,0,0,0,0,3,0,0,4,1,7,6,3
0.267,-0.015402,0,-1,-0.10235,-1,-0.10668,-7.7009E-06,3,3,0,0,2,0,10,6,2
0.277,-0.016677,0,-1,-0.10457,-1,-0.10885,-8.3385E-06,3,3,0,0,2,0,10,6,2
0.287,-0.01756,0,-1,-0.1068,-1,-0.11102,-2.634E-05,3,3,0,0,2,0,10,6,2
0.297,-0.018541,0,-1,-0.10905,-1,-0.11321,-2.7811E-05,3,3,0,0,2,0,10,6,2
0.307,-0.020111,0,-1,-0.11134,-1,-0.11542,1.0055E-05,3,3,0,0,2,0,10,6,2
0.317,-0.02119,0,-1,-0.11367,-1,-0.11763,1.0595E-05,3,3,0,0,2,0,10,6,2
0.327,-0.022073,0,-1,-0.11602,-1,-0.11987,-1.1036E-05,3,3,0,0,2,0,10,6,2
0.337,-0.023446,0,-1,-0.1184,-1,-0.12211,3.5169E-05,3,3,0,0,2,0,10,6,2
0.347,-0.024427,0,-1,-0.12079,-1,-0.12437,3.664E-05,3,3,0,0,2,0,10,6,2
0.357,-0.02531,0,-1,-0.12314,-1,-0.12663,3.7965E-05,3,3,0,0,2,0,10,6,2
0.367,-0.026683,0,-1,-0.12546,-1,-0.12892,1.3342E-05,3,3,0,0,2,0,10,6,2
0.377,-0.027959,0,-1,-0.12771,-1,-0.13121,1.3979E-05,3,3,0,0,2,0,10,6,2
0.387,-0.029136,0,-1,-0.12987,-1,-0.13352,-1.4568E-05,3,3,0,0,2,0,10,6,2
0.398,-0.030019,0,-1,-0.13192,-1,-0.13584,-1.5009E-05,3,3,0,0,2,0,10,6,2
0.407,-0.031588,0,-1,-0.13382,-1,-0.13817,4.7382E-05,3,3,0,0,2,0,10,6,2
0.417,-0.032373,0,-1,-0.13557,-1,-0.14052,4.856E-05,3,3,0,0,2,0,10,6,2
0.427,-0.033354,0,-1,-0.13714,-1,-0.14288,1.6677E-05,3,3,0,0,2,0,10,6,2
0.437,-0.034629,0,-1,-0.13852,-1,-0.14526,1.7315E-05,3,3,0,0,2,0,10,6,2
0.447,-0.035905,0,-1,-0.13971,-1,-0.14764,1.7952E-05,3,3,0,0,2,0,10,6,2
0.457,-0.037082,0,-1,-0.1407,-1,-0.15004,1.8541E-05,3,3,0,0,2,0,10,6,2
0.467,-0.038259,0,-1,-0.14148,-1,-0.15245,1.913E-05,3,3,0,0,2,0,10,6,2
0.477,-0.03924,0,-1,-0.14207,-1,-0.15487,1.962E-05,3,3,0,0,2,0,10,6,2
0.487,-0.040123,0,-1,-0.14246,-1,-0.15729,2.0061E-05,3,3,0,0,2,0,10,6,2
0.496,-0.041006,0,-1,-0.14267,-1,-0.15971,2.0503E-05,3,3,0,0,2,0,10,6,2
0.507,-0.042281,0,-1,-0.14271,-1,-0.16216,6.3422E-05,3,3,0,0,2,0,10,6,2
0.517,-0.043164,0,-1,-0.14259,-1,-0.16462,2.1582E-05,3,3,0,0,2,0,10,6,2
526.27,0.00055238,0,3.1,-0.034048,747.76,-0.16788,-2.7619E-07,3,3,0,1,2,0,10,6,2
526.28,6.0369E-06,0,3.1,-0.033463,747.37,-0.16782,-3.0185E-09,3,3,0,1,2,0,10,6,2
526.29,0.0010293,0,3.1,-0.032934,746.99,-0.16776,-5.1465E-07,3,3,0,1,2,0,10,6,2
526.3,0.00048295,0,3.1,-0.032479,746.64,-0.1677,-2.4148E-07,3,3,0,1,2,0,10,6,2
526.31,-0.00065199,0,3.1,-0.03211,746.31,-0.16764,3.2599E-07,3,3,0,1,2,0,10,6,2
526.32,-0.0015907,0,3.1,-0.031833,746,-0.16758,7.9536E-07,3,3,0,1,2,0,10,6,2
526.33,-0.00017507,0,3.1,-0.031651,745.72,-0.16752,2.6261E-07,3,3,0,1,2,0,10,6,2
526.34,0.00065199,0,3.1,-0.031559,745.46,-0.16746,-9.7798E-07,3,3,0,1,2,0,10,6,2
526.35,0.00010565,0,3.1,-0.031547,745.22,-0.1674,5.2823E-08,3,3,0,1,2,0,10,6,2
526.36,-0.0016179,0,3.1,-0.031602,745,-0.16734,-8.0895E-07,3,3,0,1,2,0,10,6,2
526.37,-0.0014775,0,3.1,-0.03171,744.81,-0.16793,7.3877E-07,3,3,0,1,2,0,10,6,2
526.38,-0.00094478,0,3.1,-0.031852,744.64,-0.16786,4.7239E-07,3,3,0,1,2,0,10,6,2
526.39,-0.001393,0,3.1,-0.032013,744.49,-0.16779,6.9651E-07,3,3,0,1,2,0,10,6,2
526.4,-0.0026261,0,3.1,-0.032176,744.36,-0.16773,1.313E-06,3,3,0,1,2,0,10,6,2
526.41,-0.0018971,0,3.1,-0.032333,744.26,-0.16766,9.4855E-07,3,3,0,1,2,0,10,6,2
526.42,-0.00067764,0,3.1,-0.032471,744.18,-0.16759,3.3882E-07,3,3,0,1,2,0,10,6,2
526.43,-0.0026955,0,3.1,-0.032584,744.12,-0.16753,-1.3477E-06,3,3,0,1,2,0,10,6,2
526.44,-0.0026532,0,3.1,-0.032669,744.08,-0.16746,-1.3266E-06,3,3,0,1,2,0,10,6,2
526.45,-0.0013357,0,3.1,-0.032729,744.07,-0.16739,6.6783E-07,3,3,0,1,2,0,10,6,2
526.46,-0.0019801,0,3.1,-0.032768,744.08,-0.16733,9.9006E-07,3,3,0,1,2,0,10,6,2
526.47,-0.0031151,0,3.1,-0.032795,744.11,-0.16726,1.5575E-06,3,3,0,1,2,0,10,6,2
526.48,-0.0029747,0,3.1,-0.032817,744.17,-0.1672,1.4873E-06,3,3,0,1,2,0,10,6,2
526.49,-0.0020495,0,3.1,-0.032844,744.24,-0.16713,1.0248E-06,3,3,0,1,2,0,10,6,2
526.5,-0.002694,0,3.1,-0.032886,744.34,-0.16707,1.347E-06,3,3,0,1,2,0,10,6,2
526.51,-0.0038289,0,3.1,-0.03295,744.46,-0.167,-5.7434E-06,3,3,0,1,2,0,10,6,2
526.52,-0.0036886,0,3.1,-0.033041,744.61,-0.16693,-5.5328E-06,3,3,0,1,2,0,10,6,2
526.53,-0.002371,0,3.1,-0.033163,744.78,-0.16687,-3.5565E-06,3,3,0,1,2,0,10,6,2
526.54,-0.0025249,0,3.1,-0.033312,744.97,-0.16681,-3.7874E-06,3,3,0,1,2,0,10,6,2
526.55,-0.0031694,0,3.1,-0.033486,745.18,-0.16674,-1.5847E-06,3,3,0,1,2,0,10,6,2
526.56,-0.0027347,0,3.1,-0.033674,745.41,-0.16668,-1.3674E-06,3,3,0,1,2,0,10,6,2
526.57,-0.0011229,0,3.1,-0.033863,745.67,-0.16662,5.6143E-07,3,3,0,1,2,0,10,6,2
526.58,-0.0012768,0,3.1,-0.03404,745.95,-0.16655,6.384E-07,3,3,0,1,2,0,10,6,2
526.59,-0.0019213,0,3.1,-0.034187,746.25,-0.16649,-9.6063E-07,3,3,0,1,2,0,10,6,2
526.6,-0.0023695,0,3.1,-0.034287,746.58,-0.16643,-1.1847E-06,3,3,0,1,2,0,10,6,2
526.61,-0.00085573,0,3.1,-0.034322,746.93,-0.16637,2.1393E-06,3,3,0,1,2,0,10,6,2
526.62,-0.00081348,0,3.1,-0.034276,747.3,-0.1663,2.0337E-06,3,3,0,1,2,0,10,6,2
526.63,-0.0012617,0,3.1,-0.034135,747.69,-0.16624,1.8926E-06,3,3,0,1,2,0,10,6,2
526.64,-0.0014157,0,3.1,-0.03389,748.1,-0.16618,2.1235E-06,3,3,0,1,2,0,10,6,2
526.65,0,0,3.1,-0.033537,748.54,-0.16612,0,3,3,0,1,2,0,10,6,2
526.66,-0.00013182,0,3.1,-0.033076,749,-0.16606,1.9773E-07,3,3,0,1,2,0,10,6,2
526.67,-0.0011465,0,3.1,-0.032515,749.49,-0.166,5.7327E-07,3,3,0,1,2,0,10,6,2
526.68,-0.001867,0,3.1,-0.031864,749.99,-0.16594,9.3348E-07,3,3,0,1,2,0,10,6,2
526.69,-0.00042919,0,3.1,-0.031144,750.52,-0.16588,2.1459E-07,3,3,0,1,2,0,10,6,2
526.7,-0.00026671,0,3.1,-0.030376,751.07,-0.16582,1.3335E-07,3,3,0,1,2,0,10,6,2
526.71,-0.00079093,0,3.1,-0.029586,751.62,-0.16577,-3.9547E-07,3,3,0,1,2,0,10,6,2
526.72,-0.0017076,0,3.1,-0.028803,752.17,-0.16571,-8.5378E-07,3,3,0,1,2,0,10,6,2
526.73,-0.00066217,0,3.1,-0.028054,752.72,-0.16565,3.3109E-07,3,3,0,1,2,0,10,6,2
526.74,-0.0008921,0,3.1,-0.027364,753.27,-0.16559,4.4605E-07,3,3,0,1,2,0,10,6,2
526.75,-0.0018087,0,3.1,-0.026753,753.82,-0.16554,9.0436E-07,3,3,0,1,2,0,10,6,2
526.76,-0.0022348,0,3.1,-0.026235,754.38,-0.16548,1.1174E-06,3,3,0,1,2,0,10,6,2
526.77,-0.00079706,0,3.1,-0.025813,754.93,-0.16543,3.9853E-07,3,3,0,1,2,0,10,6,2
526.78,-0.001027,0,3.1,-0.025486,755.48,-0.16537,5.1349E-07,3,3,0,1,2,0,10,6,2
526.79,-0.0020417,0,3.1,-0.025234,756.03,-0.16532,-1.0209E-06,3,3,0,1,2,0,10,6,2
526.8,-0.0030564,0,3.1,-0.025044,756.58,-0.16555,-1.5282E-06,3,3,0,1,2,0,10,6,2
526.81,-0.0022072,0,3.1,-0.024889,757.13,-0.1655,-1.1036E-06,3,3,0,1,2,0,10,6,2
526.82,-0.002241,0,3.1,-0.024743,757.68,-0.16545,-1.1205E-06,3,3,0,1,2,0,10,6,2
1185.3,0.0014838,0,3.0833,0.00057534,769.26,0,-7.4188E-07,0,3,0,2,5,0,10,6,2
1185.3,0.00083998,0,3.0853,0.0004608,769.65,0,4.1999E-07,0,3,0,2,5,0,10,6,2
1185.3,0.0020601,0,3.0871,0.00033885,770.02,0,1.03E-06,0,3,0,2,5,0,10,6,2
1185.3,0.0027897,0,3.0888,0.00022284,770.38,0,-1.3949E-06,0,3,0,2,5,0,10,6,2
1185.3,0.002244,0,3.0904,0.00012458,770.74,0,-1.122E-06,0,3,0,2,5,0,10,6,2
1185.3,0.00071736,0,3.0919,5.3172E-05,771.08,0,-3.5868E-07,0,3,0,2,5,0,10,6,2
1185.3,0.0011527,0,3.0933,1.404E-05,771.41,0,-5.7634E-07,0,3,0,2,5,0,10,6,2
1185.3,0.0012937,0,3.0945,8.4015E-06,771.74,0,-6.4685E-07,0,3,0,2,5,0,10,6,2
1185.3,0.0010423,0,3.0956,3.3112E-05,772.05,0,-5.2116E-07,0,3,0,2,5,0,10,6,2
1185.3,0.00059473,0,3.0966,8.1026E-05,772.35,0,-2.9737E-07,0,3,0,2,5,0,10,6,2
1185.4,0.0017167,0,3.0974,0.0001418,772.65,0,-8.5837E-07,0,3,0,2,5,0,10,6,2
1185.4,0.0021521,0,3.0982,0.00020309,772.93,0,-1.076E-06,0,3,0,2,5,0,10,6,2
1185.4,0.0013121,0,3.0988,0.00025197,773.2,0,-6.5604E-07,0,3,0,2,5,0,10,6,2
1185.4,-1.8394E-05,0,3.0993,0.00027653,773.47,0,9.1969E-09,0,3,0,2,5,0,10,6,2
1185.4,0.00061312,0,3.0996,0.00026727,773.72,0,-3.0656E-07,0,3,0,2,5,0,10,6,2
1185.4,0.00095034,0,3.0999,0.0002183,773.96,0,-4.7517E-07,0,3,0,2,5,0,10,6,2
1185.4,0.00079706,0,3.0196,0.00012816,758.94,0,-3.9853E-07,0,3,0,2,5,0,10,6,2
1185.4,0.00015328,0,0,0,0,0,-7.6641E-08,0,3,0,2,5,0,10,6,2
1185.4,0.0008829,0,0,0,0,0,-4.4145E-07,0,3,0,2,5,0,10,6,2
1185.5,0.00072962,0,0,0,0,0,-3.6481E-07,0,3,0,2,5,0,10,6,2
1185.5,-0.00011036,0,0,0,0,0,5.5181E-08,0,3,0,2,5,0,10,6,2
1185.5,-0.00065604,0,0,0,0,0,3.2802E-07,0,3,0,2,5,0,10,6,2
1185.5,0.00026977,0,0,0,0,0,-1.3489E-07,0,3,0,2,5,0,10,6,2
1185.5,0.00060699,0,0,0,0,0,-9.1049E-07,0,3,0,2,5,0,10,6,2
1185.5,6.1312E-05,0,0,0,0,0,-9.1969E-08,0,3,0,2,5,0,10,6,2
1185.5,-0.00068057,0,0,0,0,0,1.0209E-06,0,3,0,2,5,0,10,6,2
1185.5,-4.905E-05,0,0,0,0,0,7.3575E-08,0,3,0,2,5,0,10,6,2
1185.5,0.00019007,0,0,0,0,0,-9.5034E-08,0,3,0,2,5,0,10,6,2
1185.5,-0.00035561,0,0,0,0,0,1.7781E-07,0,3,0,2,5,0,10,6,2
1185.6,-0.00031269,0,0,0,0,0,-1.5635E-07,0,3,0,2,5,0,10,6,2
1185.6,0.00061312,0,0,0,0,0,3.0656E-07,0,3,0,2,5,0,10,6,2
1185.6,0.00055794,0,0,0,0,0,-2.7897E-07,0,3,0,2,5,0,10,6,2
1185.6,-0.00067444,0,0,0,0,0,-3.3722E-07,0,3,0,2,5,0,10,6,2
1185.6,-0.0010239,0,0,0,0,0,-5.1196E-07,0,3,0,2,5,0,10,6,2
1185.6,0,0,0,0,0,0,0,0,3,0,2,5,0,10,6,2
1185.6,0,0,0,0,0,0,0,0,3,0,2,5,0,10,6,2
1185.6,0,0,0,0,0,0,0,0,3,0,2,5,0,10,6,2
1185.6,0,0,0,0,0,0,0,0,3,0,2,5,0,10,6,2
1658.7,15.458,0,23.073,1.0445,2017.4,0.9008,-0.16231,0,3,0,0,7,1,,,
1658.7,15.468,0,23.23,1.0476,2022.4,0.90236,-0.19336,0,3,0,0,7,1,,,
1658.7,15.479,0,23.382,1.0496,2027.3,0.90391,-0.19349,0,3,0,0,7,1,,,
1658.8,15.49,0,23.528,1.0505,2032.2,0.90546,-0.17813,0,3,0,0,7,1,,,
1658.8,15.5,0,23.668,1.0506,2036.9,0.90701,-0.17824,0,3,0,0,7,1,,,
1658.8,15.508,0,23.803,1.0499,2041.6,0.90857,-0.20936,0,3,0,0,7,1,,,
1658.8,15.52,0,23.932,1.0487,2046.2,0.9101,-0.20952,0,3,0,0,7,1,,,
1658.8,15.527,0,24.055,1.0469,2050.8,0.91164,-0.16303,0,3,0,0,7,1,,,
1658.8,15.533,0,24.173,1.0448,2055.2,0.91317,-0.1631,0,3,0,0,7,1,,,
1658.8,15.54,0,24.285,1.0425,2059.6,0.91471,-0.11655,0,3,0,0,7,1,,,
3503.1,0.00059752,0,2.8662,0.0056749,802.73,0,-2.9876E-07,0,3,0,0,3,0,,,
3503.1,0.00026903,0,2.86,0.0055394,802.84,0,-4.0355E-07,0,3,0,0,3,0,,,
3503.2,-0.00064805,0,2.8538,0.0051833,802.93,0,3.2403E-07,0,3,0,0,3,0,,,
3503.2,-0.00058414,0,2.8478,0.0046387,803.01,0,-2.9207E-07,0,3,0,0,3,0,,,
3503.2,-2.9727E-05,0,2.8419,0.0039467,803.08,0,1.4864E-08,0,3,0,0,3,0,,,
3503.2,0.00032849,0,2.8361,0.0031545,803.14,0,-1.6424E-07,0,3,0,0,3,0,,,
3503.2,0,0,2.8304,0.0023131,803.18,0,0,0,3,0,0,3,0,,,
3503.2,0,0,2.8249,0.0014744,803.22,0,0,0,3,0,0,3,0,,,
3503.2,0,0,2.7469,0.00068826,787.47,0,0,0,3,0,0,3,0,,,
3503.2,0,0,0,0,0,0,0,0,3,0,0,3,0,,,
3503.2,0,0,0,0,0,0,0,0,3,0,0,3,0,,,
3503.2,0,0,0,0,0,0,0,0,3,0,0,3,0,,,
3503.3,0,0,0,0,0,0,0,0,3,0,0,3,0,,,
3503.3,0,0,0,0,0,0,0,0,3,0,0,3,0,,,
3503.3,0,0,0,0,0,0,0,0,3,0,0,3,0,,,
3503.3,0,0,0,0,0,0,0,0,3,0,0,3,0,,,
3503.3,0,0,0,0,0,0,0,0,3,0,0,3,0,,,
0.077,0,0,0,0,0,0.10568,0,0,3,1,1,5,1,,,
0.087,0,0,0,0,0,0.10858,0,0,3,1,1,5,1,,,
0.097,0,0,0,0,0,0.11149,0,0,3,1,1,5,1,,,
0.106,0,0,0,0,0,0.11441,0,0,3,1,1,5,1,,,
0.117,0,0,0,0,0,0.11737,0,0,3,1,1,5,1,,,
0.127,0.0016677,0,0,0,0,0.12039,-4.1693E-06,0,3,1,1,5,1,,,
0.137,0.0032373,0,0,0,0,0.12354,-8.0933E-06,0,3,1,1,5,1,,,
0.147,0.004905,0,0,0,0,0.12643,-1.2263E-05,0,3,1,1,5,1,,,
0.157,0.006867,0,0,0,0,0.12955,-1.7168E-05,0,3,1,1,5,1,,,
0.167,0.0084366,0,0,0,0,0.13263,-2.1092E-05,0,3,1,1,5,1,,,
0.177,0.010202,0,0,0,0,0.13575,-2.5506E-05,0,3,1,1,5,1,,,
0.187,0.011772,0,0,0,0,0.13888,-2.943E-05,0,3,1,1,5,1,,,
2034.5,4.4546,2,4.481,0.19421,1305,0.91657,0.028955,0,3,0,2,6,1,,,
2034.5,4.4556,2,4.4746,0.18652,1304.6,0.91707,0.028961,0,3,0,2,6,1,,,
2034.5,4.4576,2,4.4676,0.17874,1304.1,0.91761,0.028975,0,3,0,2,6,1,,,
2034.5,4.4601,2,4.46,0.17103,1303.7,0.91815,0.024531,0,3,0,2,6,1,,,
2034.5,4.4604,2,4.4518,0.16354,1303.3,0.91872,0.024532,0,3,0,2,6,1,,,
2034.5,4.4628,2,4.443,0.15642,1302.9,0.9193,0.020083,0,3,0,2,6,1,,,
2034.6,4.464,2,4.4336,0.14983,1302.4,0.91991,0.020088,0,3,0,2,6,1,,,
2034.6,4.4666,2,4.4236,0.1439,1302,0.92053,0.024566,0,3,0,2,6,1,,,
2034.6,4.4685,2,4.4129,0.13878,1301.5,0.92117,0.024577,0,3,0,2,6,1,,,
2034.6,4.4707,2,4.4017,0.1346,1301,0.92182,0.029059,0,3,0,2,6,1,,,
2034.6,4.4735,2,4.3899,0.13144,1300.5,0.9225,0.029077,0,3,0,2,6,1,,,
2034.6,4.4749,2,4.3775,0.12938,1300,0.92319,0.024612,0,3,0,2,6,1,,,
2034.6,4.4756,2,4.3644,0.12846,1299.5,0.92391,0.024616,0,3,0,2,6,1,,,
