2098.9,0,0,4.7,-0.33572,918.36,-4.1995,0.0096473,0,3,0,0,5,0,10,3,0,0
2098.9,0,0,4.7,-0.34198,918.29,-4.1962,0.0096668,0,3,0,0,5,0,10,3,0,0
2098.9,0,0,4.7,-0.34797,918.23,-4.1929,0.013985,0,3,0,0,5,0,10,3,0,0
2098.9,0,0,4.7,-0.35359,918.16,-4.1896,0.014004,0,3,0,0,5,0,10,3,0,0
2098.9,0,0,4.7,-0.35874,918.1,-4.1864,0.020496,0,3,0,0,5,0,10,3,0,0
1748.9,0,0,3.1,0.13617,748.29,0.85516,1.879E-07,0,3,0,0,6,1,9,4,3,0
1748.9,0,0,3.1,0.13706,747.7,0.85878,-3.1694E-07,0,3,0,0,6,1,9,4,3,0
1748.9,0,0,3.1,0.1381,747.12,0.86242,4.8597E-07,0,3,0,0,6,1,9,4,3,0
1748.9,0,0,3.1,0.13929,746.53,0.86611,2.5883E-07,0,3,0,0,6,1,9,4,3,0
1748.9,0,0,3.1,0.14063,745.95,0.86981,-1.1546E-07,0,3,0,0,6,1,9,4,3,0
1748.9,0,0,3.1,0.1421,745.37,0.87355,1.4489E-07,0,3,0,0,6,1,9,4,3,0
1748.9,0,0,3.1,0.14368,744.81,0.8773,-1.3809E-06,0,3,0,0,6,1,9,4,3,0
1748.9,0,0,3.1,0.14534,744.28,0.8811,-2.3318E-07,0,3,0,0,6,1,9,4,3,0
1749,30,0,3.1,0.14702,743.78,0.84764,-6.0369E-09,0,3,0,0,6,1,9,4,3,2
1749,30,0,3.1,0.14868,743.31,0.85102,2.211E-07,0,3,0,0,6,1,9,4,3,2
1749,30,0,3.1,0.15029,742.86,0.85442,-6.7991E-07,0,3,0,0,6,1,9,4,3,2
1749,30,0,3.1,0.1518,742.45,0.85785,-5.5087E-07,0,3,0,0,6,1,9,4,3,2
1749,30,0,3.1,0.15318,742.06,0.86129,2.6487E-07,0,3,0,0,6,1,9,4,3,2
1749,30,0,3.1,0.15441,741.7,0.86477,3.4486E-07,0,3,0,0,6,1,9,4,3,2
1749,30,0,3.1,0.15547,741.37,0.86826,-4.5805E-07,0,3,0,0,6,1,9,4,3,2
1749,30,0,3.1,0.15638,741.07,0.87178,-1.8186E-07,0,3,0,1,6,1,9,4,3,2
1749,30,0,3.1,0.15715,740.79,0.87531,1.4338E-07,0,3,0,1,6,1,9,4,3,2
1749,30,0,3.1,0.15779,740.54,0.87887,1.7432E-07,0,3,0,1,6,1,9,4,3,2
1749.1,30,0,3.1,0.15833,740.33,0.88244,-4.8144E-07,0,3,0,1,6,1,9,4,3,2
1749.1,30,0,3.1,0.15881,740.13,0.88603,-5.4861E-07,0,3,0,1,6,1,9,4,3,2
1749.1,30,0,3.1,0.15925,739.97,0.88963,2.6713E-07,0,3,0,1,6,1,9,4,3,2
1749.1,30,0,3.1,0.15969,739.84,0.93388,5.9237E-07,0,3,0,1,6,1,9,4,3,2
1749.1,30,0,3.1,0.16013,739.73,0.93699,-4.0674E-07,0,3,0,1,6,1,9,4,3,2
1749.1,30,0,3.1,0.16061,739.65,0.94019,-7.1915E-07,0,3,0,1,6,1,9,4,3,2
1749.1,30,0,3.1,0.16112,739.6,0.94341,-5.0559E-08,0,3,0,1,6,1,9,4,3,2
1749.1,30,0,3.1,0.16168,739.58,0.94661,-6.867E-08,0,3,0,1,6,1,9,4,3,2
2099.2,30,0,4.7024,-0.45521,916.32,-4.102,0.052491,0,3,0,1,5,0,10,3,0,2
2099.2,30,0,4.7032,-0.46398,916.25,-4.099,0.054803,0,3,0,1,5,0,10,3,0,2
2099.2,30,0,4.7042,-0.47317,916.19,-4.096,0.054884,0,3,0,1,5,0,10,3,0,2
2099.2,30,0,4.7052,-0.48272,916.12,-4.093,0.059416,0,3,0,1,5,0,10,3,0,2
2099.2,40,0,4.7063,-0.49257,916.05,-4.0901,0.059525,0,3,0,1,5,0,10,3,0,2
2099.2,40,0,4.7076,-0.50264,915.99,-4.0871,0.070876,0,3,0,1,5,0,10,3,0,2
2099.2,40,0,4.709,-0.51287,915.92,-4.0842,0.070984,0,3,0,1,5,0,10,3,0,2
2099.2,40,0,4.7105,-0.52315,915.85,-4.0813,0.077879,0,3,0,1,5,0,10,3,0,2
2099.3,40,0,4.7121,-0.53339,915.78,-4.0784,0.077956,0,3,0,1,5,0,10,3,0,2
2099.3,40,0,4.7138,-0.54349,915.72,-4.0561,0.082614,0,3,0,2,5,0,10,3,0,2
2099.3,40,0,4.7157,-0.55335,915.65,-4.0535,0.082782,0,3,0,2,5,0,10,3,0,2
2099.3,40,0,4.7176,-0.56286,915.58,-4.0508,0.087441,0,3,0,2,5,0,10,3,0,2
2099.3,40,0,4.7197,-0.57191,915.51,-4.0482,0.087622,0,3,0,2,5,0,10,3,0,2
2099.3,40,0,4.7219,-0.58044,915.45,-4.0456,0.087776,0,3,0,2,5,0,10,3,0,2
2099.3,40,0,4.7242,-0.58839,915.38,-4.043,0.087858,0,3,0,2,5,0,10,3,0,2
2099.3,40,0,4.7266,-0.59572,915.31,-4.0404,0.08796,0,3,0,2,5,0,10,3,0,2
2099.3,40,0,4.7292,-0.60245,915.25,-4.0378,0.088004,0,3,0,2,5,0,10,3,0,2
2099.3,40,0,4.7318,-0.6086,915.18,-4.0352,0.083536,0,3,0,2,5,0,10,3,0,2
2099.4,40,0,4.7346,-0.61426,915.12,-4.0326,0.083575,0,3,0,2,5,0,10,3,0,2
2099.4,40,0,4.7375,-0.61954,915.06,-4.0301,0.076718,0,3,0,2,5,0,10,3,0,2
2099.4,40,0,4.7405,-0.62457,915.01,-4.0275,0.076717,0,3,0,2,5,0,10,3,0,2
2099.4,40,0,4.7436,-0.62951,914.96,-4.025,0.067542,0,3,0,2,5,0,10,3,0,2
2099.4,40,0,4.7468,-0.63451,914.91,-4.0225,0.06751,0,3,0,2,5,0,10,3,0,2
2099.4,40,0,4.7502,-0.63975,914.87,-4.0199,0.062935,0,3,0,2,5,0,10,3,0,2
2099.4,40,0,4.7536,-0.64537,914.84,-4.0174,0.062905,0,3,0,2,5,0,10,3,0,2
2099.4,40,0,4.7572,-0.6515,914.81,-4.0149,0.049131,0,3,0,2,5,0,10,3,0,2
2099.4,40,0,4.7609,-0.65822,914.79,-3.9657,0.049078,0,3,0,2,5,0,10,3,0,2
2099.4,40,0,4.7647,-0.6656,914.77,-3.9626,0.044459,0,3,0,2,5,0,10,3,0,2
2099.5,40,0,4.7686,-0.67365,914.75,-3.9595,0.04443,0,3,0,2,5,0,10,3,0,2
2099.5,40,0,4.7727,-0.68233,914.74,-3.9565,0.037544,0,3,0,3,5,0,10,3,0,2
2099.5,40,0,4.7768,-0.6916,914.73,-3.9534,0.037513,0,3,0,3,5,0,10,3,0,2
2099.5,40,0,4.7811,-0.70134,914.73,-3.9504,0.032936,0,3,0,3,5,0,10,3,0,2
2099.5,40,0,4.7855,-0.71144,914.74,-3.9473,0.032891,0,3,0,3,5,0,10,3,0,2
2099.5,40,0,4.79,-0.72177,914.74,-3.9443,0.0306,0,3,0,3,5,0,10,3,0,2
2099.5,40,0,4.7946,-0.73217,914.76,-3.9413,0.030589,0,3,0,3,5,0,10,3,0,2
2099.5,40,0,4.7993,-0.74258,914.77,-3.9383,0.021493,0,3,0,3,5,0,10,3,0,2
2099.5,40,0,4.8042,-0.75278,914.8,-3.9352,0.021469,0,3,0,3,5,0,10,3,0,2
2099.5,40,0,4.8091,-0.76267,914.82,-3.9322,0.016938,0,3,0,3,5,0,10,3,0,2
2099.6,40,0,4.8142,-0.77215,914.86,-3.9292,0.016919,0,3,0,3,5,0,10,3,0,2
2099.6,40,0,4.8194,-0.78113,914.89,-3.9263,0.012399,0,3,0,3,5,0,10,3,0,2
2099.6,40,0,4.8247,-0.78957,914.93,-3.9233,0.012382,0,3,0,3,5,0,10,3,0,2
2099.6,40,0,4.8301,-0.79742,914.98,-3.9203,0.010123,0,3,0,3,5,0,10,3,0,2
2099.6,40,0,4.8356,-0.80466,915.03,-3.9174,0.010112,0,3,0,3,5,0,10,3,0,2
2099.6,40,0,4.8413,-0.81128,915.08,-3.9144,0.014605,0,3,0,3,5,0,10,3,0,2
2099.6,40,0,4.8471,-0.81729,915.14,-3.9115,0.0146,0,3,0,3,5,0,10,3,0,2
2099.6,40,0,4.8529,-0.82269,915.21,-3.9086,0.0078591,0,3,0,3,5,0,10,3,0,2
2099.6,40,0,4.8588,-0.82748,915.28,-3.9056,0.0078566,0,3,0,3,5,0,10,3,0,2
2099.7,40,0,4.8647,-0.83167,915.35,-3.9027,0.0011232,0,3,0,3,5,0,10,3,0,2
2099.7,60,0,4.8706,-0.83525,915.43,-3.8998,0.001124,0,3,0,3,5,0,10,3,0,3
2099.7,60,0,4.8765,-0.83822,915.51,-3.8969,-0.0078667,0,3,0,4,5,0,10,3,0,3
2099.7,60,0,4.8824,-0.84057,915.6,-3.894,-0.0078625,0,3,0,4,5,0,10,3,0,3
2099.7,60,0,4.8882,-0.84263,915.7,-3.8911,-0.010114,0,3,0,4,5,0,10,3,0,3
2099.7,60,0,4.8941,-0.8442,915.79,-3.8882,-0.010107,0,3,0,4,5,0,10,3,0,3
2099.7,60,0,4.9,-0.84512,915.89,-3.8854,-0.016824,0,3,0,4,5,0,10,3,0,3
2099.7,60,0,4.9059,-0.84539,916,-3.8825,-0.016804,0,3,0,4,5,0,10,3,0,3
2099.7,60,0,4.9118,-0.84502,916.11,-3.8797,-0.010083,0,3,0,4,5,0,10,3,0,3
2099.7,60,0,4.9176,-0.84404,916.23,-3.8768,-0.01007,0,3,0,4,5,0,10,3,0,3
2099.7,60,0,4.9235,-0.84252,916.35,-3.874,-0.0055922,0,3,0,4,5,0,10,3,0,3
2099.8,60,0,4.9294,-0.84052,916.48,-3.8711,-0.005586,0,3,0,4,5,0,10,3,0,3
2099.8,60,0,4.9353,-0.83815,916.61,-3.8683,0.0011166,0,3,0,4,5,0,10,3,0,3
2099.8,60,0,4.9412,-0.83555,916.74,-3.8655,0.0011143,0,3,0,4,5,0,10,3,0,3
2099.8,60,0,4.9471,-0.83288,916.88,-3.8627,0.010023,0,3,0,4,5,0,10,3,0,3
2099.8,60,0,4.9529,-0.83031,917.03,-3.8599,0.010013,0,3,0,4,5,0,10,3,0,3
2099.8,60,0,4.9586,-0.82801,917.18,-3.8572,0.014464,0,3,0,4,5,0,10,3,0,3
2099.8,60,0,4.964,-0.82619,917.33,-3.8544,0.014453,0,3,0,4,5,0,10,3,0,3
2099.8,60,0,4.9692,-0.825,917.49,-3.8516,0.01,0,3,0,4,5,0,10,3,0,3
2099.8,60,0,4.9741,-0.82461,917.65,-3.849,0.0099952,0,3,0,4,5,0,10,3,0,3
2099.8,60,0,4.9789,-0.82512,917.82,-3.8462,0.0011097,0,3,0,4,5,0,10,3,0,3
2099.9,60,0,4.9834,-0.82662,917.99,-3.8436,0.0011082,0,3,0,4,5,0,10,3,0,3
2099.9,60,0,4.9876,-0.82945,918.17,-3.8408,-0.0099683,1,3,1,0,5,0,10,3,0,3
2099.9,60,0,4.9916,-0.83327,918.34,-3.8382,-0.0099621,1,3,1,0,5,0,10,3,0,3
2099.9,60,0,4.9954,-0.838,918.51,-3.8355,-0.025421,1,3,1,0,5,0,10,3,0,3
2099.9,60,0,4.999,-0.84351,918.68,-3.8328,-0.02537,1,3,1,0,5,0,10,3,0,3
2099.9,60,0,5.0023,-0.84969,918.86,-3.8302,-0.029749,1,3,1,0,5,0,10,3,0,3
2099.9,60,0,5.0054,-0.85636,919.03,-3.8275,-0.029727,1,3,1,0,5,0,10,3,0,3
2099.9,60,0,5.0083,-0.86338,919.2,-3.8249,-0.036248,1,3,1,0,5,0,10,3,0,3
2099.9,60,0,5.0109,-0.87062,919.38,-3.9263,-0.036204,1,3,1,0,5,0,10,3,0,3
2099.9,60,0,5.0133,-0.87798,919.55,-3.9223,-0.042752,1,3,1,0,5,0,10,3,0,3
2100,60,0,5.0155,-0.88539,919.72,-3.9185,-0.042685,1,3,1,0,5,0,10,3,0,3
2100,60,0,5.0174,-0.89283,919.89,-3.9146,-0.04264,1,3,1,0,5,0,10,3,0,3
2100,60,0,5.0191,-0.90033,920.07,-3.9108,-0.042584,1,3,1,0,5,0,10,3,0,3
2100,60,0,5.0205,-0.90796,920.24,-3.9069,-0.044748,1,3,1,0,5,0,10,3,0,3
2100,60,0,5.0218,-0.9158,920.41,-3.9031,-0.044722,1,3,1,0,5,0,10,3,0,3
2100,60,0,5.0228,-0.92394,920.58,-3.8994,-0.042502,1,3,1,0,5,0,10,3,0,3
2100,60,0,5.0236,-0.93249,920.76,-3.8956,-0.042489,1,3,1,0,5,0,10,3,0,3
2100,60,0,5.0241,-0.94149,920.93,-3.8919,-0.035916,1,3,1,0,5,0,10,3,0,3
2100,60,0,5.0244,-0.95099,921.09,-3.8882,-0.035876,1,3,1,0,5,0,10,3,0,3
2100.1,60,0,5.0245,-0.96097,921.22,-3.8845,-0.020662,1,3,1,0,5,0,10,3,0,3
2100.1,60,0,5.0243,-0.97135,921.34,-3.8809,-0.020646,1,3,1,0,5,0,10,3,0,3
2100.1,60,0,5.0239,-0.98203,921.45,-3.8773,-0.0010857,1,3,1,1,5,0,10,3,0,3
2100.1,60,0,5.0233,-0.99284,921.53,-3.8737,-0.0010859,1,3,1,1,5,0,10,3,0,3
2100.1,60,0,5.0224,-1.0036,921.6,-3.8701,0.016287,1,3,1,1,5,0,10,3,0,3
2100.1,60,0,5.0213,-1.0141,921.65,-3.8666,0.016268,1,3,1,1,5,0,10,3,0,3
2100.1,60,0,5.02,-1.0242,921.68,-3.863,0.029245,1,3,1,1,5,0,10,3,0,3
2100.1,60,0,5.0185,-1.0337,921.7,-3.9611,0.029221,1,3,1,1,5,0,10,3,0,3
2100.1,60,0,5.0167,-1.0426,921.7,-3.959,0.046471,1,3,1,1,5,0,10,3,0,3
2100.1,60,0,5.0147,-1.0507,921.68,-3.9568,0.046389,1,3,1,1,5,0,10,3,0,3
2100.1,60,0,5.0124,-1.0582,921.64,-3.9547,0.050652,1,3,1,1,5,0,10,3,0,3
2100.2,60,0,5.0099,-1.0653,921.59,-3.9526,0.050559,1,3,1,1,5,0,10,3,0,3
2100.2,60,0,5.0072,-1.072,921.52,-3.9506,0.046185,1,3,1,1,5,0,10,3,0,3
2100.2,60,0,5.0043,-1.0788,921.43,-3.9485,0.046096,1,3,1,1,5,0,10,3,0,3
2100.2,60,0,5.0011,-1.086,921.32,-3.9465,0.02889,1,3,1,1,5,0,10,3,0,3
2100.2,60,0,4.9977,-1.0934,921.2,-3.9446,0.028833,1,3,1,1,5,0,10,3,0,3
2100.2,60,0,4.994,-1.102,921.06,-3.9427,0.0074591,1,3,1,1,5,0,10,3,0,3
2100.2,60,0,4.9901,-1.1118,920.9,-3.941,0.0074392,1,3,1,1,5,0,10,3,0,3
2100.2,60,0,4.986,-1.1233,920.72,-3.9392,-0.018032,1,3,1,1,5,0,10,3,0,3
2100.2,60,0,4.9817,-1.1365,920.53,-3.9373,-0.017992,1,3,1,1,5,0,10,3,0,3
2100.2,60,0,4.9771,-1.1514,920.32,-3.9355,-0.043267,1,3,1,1,5,0,10,3,0,3
2100.3,60,0,4.9723,-1.1681,920.09,-3.9337,-0.043154,1,3,1,1,5,0,10,3,0,3
2100.3,60,0,4.9673,-1.1863,919.85,-3.9319,-0.066125,1,3,1,2,5,0,10,3,0,3
2100.3,60,0,4.962,-1.2058,919.58,-3.9302,-0.065976,1,3,1,2,5,0,10,3,0,3
2100.3,60,0,4.9565,-1.2261,919.3,-3.9286,-0.088749,1,3,1,2,5,0,10,3,0,3
2100.3,60,0,4.9507,-1.2468,919,-3.927,-0.088424,1,3,1,2,5,0,10,3,0,3
2100.3,60,0,4.9448,-1.2675,918.69,-3.9254,-0.10263,1,3,1,2,5,0,10,3,0,3
2100.3,60,0,4.9388,-1.2877,918.36,-3.9238,-0.1022,1,3,1,2,5,0,10,3,0,3
2100.3,60,0,4.9328,-1.3069,918.01,-3.9223,-0.10587,1,3,1,2,5,0,10,3,0,3
2100.3,60,0,4.9269,-1.3248,917.64,-3.9209,-0.1056,1,3,1,2,5,0,10,3,0,3
2100.3,60,0,4.9209,-1.3409,917.25,-3.9195,-0.099162,1,3,1,2,5,0,10,3,0,3
2100.4,60,0,4.9149,-1.3552,916.85,-3.9181,-0.098848,1,3,1,2,5,0,10,3,0,3
2100.4,60,0,4.909,-1.3667,916.43,-3.9167,-0.092327,1,3,1,2,5,0,10,3,0,3
2100.4,60,0,4.903,-1.3757,915.99,-3.9154,-0.092037,1,3,1,2,5,0,10,3,0,3
2100.4,60,0,4.897,-1.3826,915.54,-3.9141,-0.071587,1,3,1,2,5,0,10,3,0,3
2100.4,60,0,4.891,-1.3875,915.07,-3.9129,-0.071367,1,3,1,2,5,0,10,3,0,3
2100.4,60,0,4.8851,-1.3905,914.58,-3.9116,-0.053082,1,3,1,2,5,0,10,3,0,3
2100.4,60,0,4.8791,-1.3919,914.07,-3.9105,-0.052903,1,3,1,2,5,0,10,3,0,3
2100.4,60,0,4.8731,-1.3919,913.54,-3.9093,-0.04081,1,3,1,2,5,0,10,3,0,3
2100.4,60,0,4.8672,-1.3906,913,-3.9082,-0.040701,1,3,1,2,5,0,10,3,0,3
2100.4,60,0,4.8612,-1.3882,912.44,-3.9071,-0.030659,1,3,1,2,5,0,10,3,0,3
2100.5,60,0,4.8552,-1.3849,911.87,-3.9061,-0.03054,1,3,1,2,5,0,10,3,0,3
2100.5,60,0,4.8493,-1.3809,911.27,-3.9051,-0.022587,1,3,0,3,5,0,10,3,0,3
2100.5,60,0,4.8434,-1.3761,910.66,-3.9041,-0.02252,1,3,0,3,5,0,10,3,0,3
2100.5,60,0,4.8377,-1.3706,910.03,-3.9031,-0.030251,1,3,0,3,5,0,10,3,0,3
2100.5,60,0,4.832,-1.3645,909.38,-3.9022,-0.030139,1,3,0,3,5,0,10,3,0,3
2100.5,60,0,4.8265,-1.3577,908.72,-3.9013,-0.049255,1,3,0,3,5,0,10,3,0,3
2100.5,60,0,4.8212,-1.3502,908.04,-3.9004,-0.048925,1,3,0,3,5,0,10,3,0,3
2100.5,60,0,4.8159,-1.3417,907.34,-3.8996,-0.069489,1,3,0,3,5,0,10,3,0,3
2100.5,60,0,4.8107,-1.3324,906.62,-3.8987,-0.069019,1,3,0,3,5,0,10,3,0,3
2100.6,60,0,4.8057,-1.3225,905.91,-3.898,-0.096792,1,3,0,3,5,0,10,3,0,3
2100.6,60,0,4.8008,-1.312,905.19,-3.8972,-0.09621,1,3,0,3,5,0,10,3,0,3
2100.6,60,0,4.796,-1.301,904.47,-3.8965,-0.11977,1,3,0,3,5,0,10,3,0,3
2100.6,60,0,4.7913,-1.2896,903.76,-3.8958,-0.11905,1,3,0,3,5,0,10,3,0,3
2100.6,60,0,4.7867,-1.278,903.04,-3.8951,-0.14232,1,3,0,3,5,0,10,3,0,3
2100.6,60,0,4.7823,-1.2662,902.32,-3.8945,-0.14158,1,3,0,3,5,0,10,3,0,3
2100.6,60,0,4.778,-1.2546,901.61,-3.8939,-0.14997,1,3,0,3,5,0,10,3,0,3
2100.6,60,0,4.7737,-1.2433,900.89,-3.6875,-0.1494,1,3,0,3,5,0,10,3,0,3
2100.6,60,0,4.7697,-1.2323,900.18,-3.6896,-0.15059,1,3,0,3,5,0,10,3,0,3
2100.6,60,0,4.7657,-1.2218,899.46,-3.6916,-0.15008,1,3,0,3,5,0,10,3,0,3
2100.6,60,0,4.7618,-1.2118,898.74,-3.6937,-0.1442,1,3,0,3,5,0,10,3,0,3
2100.7,60,0,4.7581,-1.2023,898.03,-3.6958,-0.14375,1,3,0,3,5,0,10,3,0,3
2100.7,60,0,4.7544,-1.1932,897.31,-3.6979,-0.12914,1,3,0,4,5,0,10,3,0,3
2100.7,60,0,4.7509,-1.1842,896.59,-3.7,-0.12892,1,3,0,4,5,0,10,3,0,3
2100.7,60,0,4.7475,-1.1751,895.88,-3.7021,-0.10915,1,3,0,4,5,0,10,3,0,3
2100.7,60,0,4.7442,-1.1657,895.16,-3.7043,-0.10896,1,3,0,4,5,0,10,3,0,3
2100.7,60,0,4.7411,-1.1557,894.46,-3.7064,-0.085792,1,3,0,4,5,0,10,3,0,3
2100.7,60,0,4.738,-1.1447,893.77,-3.7086,-0.085639,1,3,0,4,5,0,10,3,0,3
2100.7,60,0,4.7351,-1.1324,893.1,-3.7107,-0.059018,1,3,0,4,5,0,10,3,0,3
2100.7,60,0,4.7323,-1.1187,892.44,-3.7129,-0.058929,1,3,0,4,5,0,10,3,0,3
2100.7,60,0,4.7296,-1.1035,891.79,-3.715,-0.044831,1,3,0,4,5,0,10,3,0,3
2100.8,60,0,4.727,-1.0866,891.16,-3.7172,-0.044753,1,3,0,4,5,0,10,3,0,3
2100.8,60,0,4.7246,-1.0683,890.54,-3.7194,-0.032397,1,3,0,4,5,0,10,3,0,3
2100.8,60,0,4.7222,-1.0486,889.94,-3.6139,-0.032355,1,3,0,4,5,0,10,3,0,3
2100.8,60,0,4.72,-1.0279,889.35,-3.6147,-0.021845,1,3,0,4,5,0,10,3,0,3
2100.8,60,0,4.7179,-1.0066,888.77,-3.6156,-0.021805,1,3,0,4,5,0,10,3,0,3
2100.8,60,0,4.7159,-0.98519,888.21,-3.6164,-0.020031,1,3,0,4,5,0,10,3,0,3
2100.8,60,0,4.714,-0.96405,887.66,-3.6172,-0.020024,1,3,0,4,5,0,10,3,0,3
2100.8,60,0,4.7123,-0.94371,887.13,-3.618,-0.020006,1,3,0,4,5,0,10,3,0,3
2100.8,60,0,4.7107,-0.92458,886.61,-3.6187,-0.019982,1,3,0,4,5,0,10,3,0,3
2100.8,60,0,4.7091,-0.90702,886.11,-3.6195,-0.028647,1,3,0,4,5,0,10,3,0,3
2100.9,60,0,4.7077,-0.89127,885.62,-3.6203,-0.02864,1,3,0,4,5,0,10,3,0,3
2100.9,60,0,4.7064,-0.87747,885.14,-3.6211,-0.03726,2,3,2,0,5,0,10,3,0,3
2100.9,60,0,4.7053,-0.86633,884.68,-3.6218,-0.037222,2,3,2,0,5,0,10,3,0,3
2100.9,60,0,4.7042,-0.85705,884.23,-3.6226,-0.047579,2,3,2,0,5,0,10,3,0,3
2100.9,60,0,4.7033,-0.84945,883.8,-3.6233,-0.047536,2,3,2,0,5,0,10,3,0,3
2100.9,60,0,4.7025,-0.84327,883.38,-3.624,-0.059537,2,3,2,0,5,0,10,3,0,3
2100.9,60,0,4.7018,-0.83823,882.97,-3.6247,-0.059469,2,3,2,0,5,0,10,3,0,3
2100.9,60,1,4.7012,-0.83401,882.58,-3.6255,-0.066311,2,3,2,0,5,0,10,3,0,3
2100.9,60,1,4.7007,-0.83032,882.2,-3.6262,-0.066231,2,3,2,0,5,0,10,3,0,3
2100.9,60,1,4.7004,-0.82694,881.84,-3.6269,-0.067847,2,3,2,0,5,0,10,3,0,3
2101,60,1,4.7001,-0.82367,881.49,-3.6276,-0.067784,2,3,2,0,5,0,10,3,0,3
2101,60,1,4.7,-0.82041,881.15,-3.6283,-0.071163,2,3,2,0,5,0,10,3,0,3
2101,60,1,4.7,-0.81713,880.83,-3.6289,-0.071024,2,3,2,0,5,0,10,3,0,3
2101,60,1,4.7,-0.81385,880.53,-3.6296,-0.067547,2,3,2,0,5,0,10,3,0,3
2101,60,1,4.7,-0.81067,880.23,-3.6302,-0.067511,2,3,2,0,5,0,10,3,0,3
2101,60,1,4.7,-0.80771,879.95,-3.6308,-0.057167,2,3,2,0,5,0,10,3,0,3
2101,60,1,4.7,-0.80511,879.69,-3.6315,-0.057081,2,3,2,0,5,0,10,3,0,3
2101,60,1,4.7,-0.80302,879.44,-3.632,-0.046836,2,3,2,0,5,0,10,3,0,3
2101,60,1,4.7,-0.80195,879.2,-3.6326,-0.046782,2,3,2,0,5,0,10,3,0,3
2101,60,1,4.7,-0.80163,878.98,-3.6332,-0.029748,2,3,2,0,5,0,10,3,0,3
2101.1,60,1,4.7,-0.80241,878.77,-3.6337,-0.029737,2,3,2,0,5,0,10,3,0,3
2101.1,60,1,4.7,-0.80408,878.58,-3.6343,-0.01274,2,3,1,1,5,0,10,3,0,3
2101.1,60,1,4.7,-0.80665,878.4,-3.6348,-0.012732,2,3,1,1,5,0,10,3,0,3
2101.1,60,1,4.7,-0.8101,878.23,-3.6353,0.0059391,2,3,1,1,5,0,10,3,0,3
2101.1,60,1,4.7,-0.81439,878.08,-3.6357,0.005936,2,3,1,1,5,0,10,3,0,3
2101.1,60,1,4.7,-0.81945,877.94,-3.6362,0.021181,2,3,1,1,5,0,10,3,0,3
2101.1,60,1,4.7,-0.82521,877.82,-3.6366,0.021162,2,3,1,1,5,0,10,3,0,3
2101.1,60,1,4.7,-0.8316,877.71,-3.6371,0.034681,2,3,1,1,5,0,10,3,0,3
2101.1,60,1,4.7,-0.83854,877.62,-3.6374,0.034586,2,3,1,1,5,0,10,3,0,3
2101.1,60,1,4.7,-0.84596,877.54,-3.6378,0.041228,2,3,1,1,5,0,10,3,0,3
2101.2,30,1,4.7001,-0.85379,877.47,-3.6382,0.041161,2,3,1,1,5,0,10,3,0,2
2101.2,30,1,4.7003,-0.862,877.42,-3.6386,0.035985,2,3,1,1,5,0,10,3,0,2
2101.2,30,1,4.7007,-0.87078,877.38,-3.639,0.035833,2,3,1,1,5,0,10,3,0,2
2101.2,30,1,4.7012,-0.87987,877.35,-3.6393,0.025843,2,3,1,1,5,0,10,3,0,2
2101.2,30,1,4.7017,-0.88928,877.34,-3.6397,0.025864,2,3,1,1,5,0,10,3,0,2
2101.2,30,1,4.7024,-0.899,877.35,-3.64,0.0091729,2,3,1,1,5,0,10,3,0,2
2101.2,30,1,4.7032,-0.90906,877.35,-3.6402,0.0091654,2,3,1,1,5,0,10,3,0,2
2101.2,30,1,4.7042,-0.91949,877.35,-3.6405,-0.0058333,2,3,1,1,5,0,10,3,0,2
2101.2,30,1,4.7052,-0.9303,877.36,-3.6408,-0.0058296,2,3,1,1,5,0,10,3,0,2
2101.2,30,1,4.7063,-0.94153,877.36,-3.641,-0.027458,2,3,1,1,5,0,10,3,0,2
2101.3,30,1,4.7076,-0.95319,877.36,-3.6412,-0.027451,2,3,1,1,5,0,10,3,0,2
2101.3,30,1,4.709,-0.96526,877.37,-3.6414,-0.047393,2,3,2,2,5,0,10,3,0,2
2101.3,30,1,4.7105,-0.97772,877.37,-3.6416,-0.047318,2,3,2,2,5,0,10,3,0,2
2101.3,30,1,4.7121,-0.99051,877.38,-3.6418,-0.057192,2,3,2,2,5,0,10,3,0,2
2101.3,30,1,4.7138,-1.0035,877.38,-3.6419,-0.057142,2,3,2,2,5,0,10,3,0,2
2101.3,30,1,4.7157,-1.0166,877.38,-3.7146,-0.060351,2,3,2,2,5,0,10,3,0,2
2101.3,30,1,4.7176,-1.0296,877.39,-3.7138,-0.060227,2,3,2,2,5,0,10,3,0,2
2101.3,30,1,4.7197,-1.0424,877.39,-3.7129,-0.053509,2,3,2,2,5,0,10,3,0,2
2101.3,30,1,4.7219,-1.0547,877.39,-3.7121,-0.053408,2,3,2,2,5,0,10,3,0,2
2101.3,30,1,4.7242,-1.0664,877.4,-3.7113,-0.033606,2,3,2,2,5,0,10,3,0,2
2101.4,30,1,4.7266,-1.0773,877.4,-3.7104,-0.033516,2,3,2,2,5,0,10,3,0,2
2101.4,30,1,4.7292,-1.0872,877.4,-3.7095,-0.012239,2,3,2,2,5,0,10,3,0,2
2101.4,30,1,4.7318,-1.0962,877.41,-3.7086,-0.01221,2,3,2,2,5,0,10,3,0,2
2101.4,30,1,4.7346,-1.1041,877.41,-3.7077,0.0089249,2,3,2,2,5,0,10,3,0,2
2101.4,30,0,4.7375,-1.111,877.4,-3.7068,0.0088937,2,3,2,2,5,0,10,3,0,2
2101.4,30,0,4.7405,-1.1168,877.39,-3.7059,0.024982,2,3,2,2,5,0,10,3,0,2
2101.4,30,0,4.7436,-1.1218,877.38,-3.7049,0.024862,2,3,2,2,5,0,10,3,0,2
2101.4,30,0,4.7468,-1.126,877.36,-3.775,0.035967,2,3,2,2,5,0,10,3,0,2
2101.4,30,0,4.7502,-1.1296,877.34,-3.7749,0.035835,2,3,2,2,5,0,10,3,0,2
2101.4,30,0,4.7536,-1.1326,877.31,-3.7748,0.04204,2,3,2,2,5,0,10,3,0,2
2101.5,30,0,4.7572,-1.1352,877.28,-3.7747,0.041872,2,3,2,2,5,0,10,3,0,2
2101.5,30,0,4.7609,-1.1375,877.24,-3.7746,0.041669,2,3,0,3,5,0,10,3,0,2
2101.5,30,0,4.7647,-1.1395,877.2,-3.7745,0.041449,2,3,0,3,5,0,10,3,0,2
2101.5,30,0,4.7686,-1.1413,877.15,-3.7744,0.033464,2,3,0,3,5,0,10,3,0,2
2101.5,30,0,4.7727,-1.143,877.1,-3.7743,0.033332,2,3,0,3,5,0,10,3,0,2
2101.5,30,0,4.7768,-1.1445,877.05,-3.7742,0.025461,2,3,0,3,5,0,10,3,0,2
2101.5,30,0,4.7811,-1.1458,876.99,-3.7741,0.025319,2,3,0,3,5,0,10,3,0,2
2101.5,30,0,4.7855,-1.1469,876.93,-3.7739,0.012989,2,3,0,3,5,0,10,3,0,2
2101.5,30,0,4.79,-1.1479,876.86,-3.7738,0.012931,2,3,0,3,5,0,10,3,0,2
2101.5,30,0,4.7946,-1.1488,876.79,-3.7736,0.00075676,2,3,0,3,5,0,10,3,0,2
2101.6,30,0,4.7993,-1.1495,876.71,-3.7735,0.00075284,2,3,0,3,5,0,10,3,0,2
2101.6,30,0,4.8042,-1.1499,876.63,-3.7733,-0.0097405,2,3,0,3,5,0,10,3,0,2
2101.6,30,0,4.8091,-1.1502,876.54,-3.7731,-0.0096941,2,3,0,3,5,0,10,3,0,2
2101.6,30,0,4.8142,-1.1505,876.45,-3.7729,-0.018547,2,3,0,3,5,0,10,3,0,2
2101.6,30,0,4.8194,-1.1507,876.36,-3.7727,-0.018447,2,3,0,3,5,0,10,3,0,2
2101.6,30,0,4.8247,-1.1508,876.26,-3.7725,-0.025713,2,3,0,3,5,0,10,3,0,2
2101.6,30,0,4.8301,-1.1507,876.16,-3.7724,-0.025558,2,3,0,3,5,0,10,3,0,2
2101.6,30,0,4.8356,-1.1504,876.05,-3.772,-0.02834,2,3,0,3,5,0,10,3,0,2
2101.6,30,0,4.8413,-1.1499,875.94,-3.7717,-0.02825,2,3,0,3,5,0,10,3,0,2
2101.6,30,0,4.8471,-1.1489,875.82,-3.7716,-0.031018,2,3,0,3,5,0,10,3,0,2
2101.7,30,0,4.8529,-1.1475,875.7,-3.7714,-0.030866,2,3,0,3,5,0,10,3,0,2
2101.7,30,0,4.8588,-1.1455,875.57,-3.7712,-0.029338,2,3,0,4,5,0,10,3,0,2
2101.7,30,0,4.8647,-1.143,875.44,-3.7709,-0.029266,2,3,0,4,5,0,10,3,0,2
2101.7,30,0,4.8706,-1.1396,875.31,-3.7707,-0.026328,2,3,0,4,5,0,10,3,0,2
2101.7,30,0,4.8765,-1.1356,875.17,-3.7704,-0.026257,2,3,0,4,5,0,10,3,0,2
2101.7,30,0,4.8824,-1.131,875.03,-3.7702,-0.020541,2,3,0,4,5,0,10,3,0,2
2101.7,30,0,4.8882,-1.126,874.88,-3.7699,-0.020498,2,3,0,4,5,0,10,3,0,2
2101.7,30,0,4.8941,-1.1206,874.73,-3.7696,-0.017642,2,3,0,4,5,0,10,3,0,2
2101.7,30,0,4.9,-1.115,874.57,-3.7693,-0.017627,2,3,0,4,5,0,10,3,0,2
2101.7,30,0,4.9059,-1.1092,874.41,-3.769,-0.011982,2,3,0,4,5,0,10,3,0,2
2101.8,30,0,4.9118,-1.1034,874.24,-3.7687,-0.011958,2,3,0,4,5,0,10,3,0,2
2101.8,30,0,4.9176,-1.0977,874.07,-3.7684,-0.0077196,2,3,0,4,5,0,10,3,0,2
2101.8,30,0,4.9235,-1.0928,873.9,-3.7681,-0.007711,2,3,0,4,5,0,10,3,0,2
2101.8,30,0,4.9294,-1.0881,873.72,-3.7678,-0.0021013,2,3,0,4,5,0,10,3,0,2
2101.8,30,0,4.9353,-1.0836,873.53,-3.7674,-0.0020978,2,3,0,4,5,0,10,3,0,2
2101.8,30,0,4.9412,-1.0795,873.35,-3.7671,-0.0034914,2,3,0,4,5,0,10,3,0,2
2101.8,30,0,4.9471,-1.0756,873.15,-3.7667,-0.003487,2,3,0,4,5,0,10,3,0,2
2101.8,30,0,4.9529,-1.0721,872.96,-3.7663,-0.0076587,2,3,0,4,5,0,10,3,0,2
2101.8,30,0,4.9586,-1.0688,872.75,-3.766,-0.0076517,2,3,0,4,5,0,10,3,0,2
2101.8,30,0,4.964,-1.066,872.55,-3.7656,-0.010417,2,3,0,4,5,0,10,3,0,2
2101.9,30,0,4.9692,-1.0634,872.34,-3.7652,-0.010374,2,3,0,4,5,0,10,3,0,2
2101.9,30,0,4.9741,-1.0613,872.12,-3.7648,-0.017224,3,3,2,0,5,0,10,3,0,2
2101.9,30,0,4.9789,-1.0596,871.9,-3.7645,-0.017167,3,3,2,0,5,0,10,3,0,2
2101.9,30,0,4.9834,-1.0585,871.68,-3.7641,-0.022573,3,3,2,0,5,0,10,3,0,2
2101.9,30,0,4.9876,-1.0579,871.46,-3.7637,-0.022497,3,3,2,0,5,0,10,3,0,2
2101.9,30,0,4.9916,-1.058,871.23,-3.7632,-0.027861,3,3,2,0,5,0,10,3,0,2
2101.9,30,0,4.9954,-1.0588,871.01,-3.7628,-0.027773,3,3,2,0,5,0,10,3,0,2
2101.9,30,0,4.999,-1.0604,870.78,-3.7624,-0.027674,3,3,2,0,5,0,10,3,0,2
2101.9,30,0,5.0023,-1.0629,870.56,-3.762,-0.02758,3,3,2,0,5,0,10,3,0,2
2101.9,30,0,5.0054,-1.0664,870.34,-3.7616,-0.027513,3,3,2,0,5,0,10,3,0,2
2102,30,0,5.0083,-1.0707,870.11,-3.7611,-0.027421,3,3,2,0,5,0,10,3,0,2
2102,30,0,5.0109,-1.076,869.89,-3.7607,-0.023339,3,3,2,0,5,0,10,3,0,2
2102,30,0,5.0133,-1.0821,869.66,-3.7603,-0.02328,3,3,2,0,5,0,10,3,0,2
2102,30,0,5.0155,-1.0891,869.44,-3.7598,-0.016575,3,3,2,0,5,0,10,3,0,2
2102,30,0,5.0174,-1.0967,869.22,-3.7594,-0.016522,3,3,2,0,5,0,10,3,0,2
2102,30,0,5.0191,-1.1048,868.99,-3.7589,-0.011198,3,3,2,0,5,0,10,3,0,2
2102,30,0,5.0205,-1.1132,868.77,-3.7584,-0.011153,3,3,2,0,5,0,10,3,0,2
2102,30,0,5.0218,-1.1217,868.54,-3.9421,-0.0032681,3,3,2,0,5,0,10,3,0,2
2102,30,0,5.0228,-1.1301,868.32,-3.9393,-0.0032562,3,3,2,0,5,0,10,3,0,2
2102,30,0,5.0236,-1.1382,868.1,-3.9365,0.0019469,3,3,2,0,5,0,10,3,0,2
2102.1,30,0,5.0241,-1.1456,867.88,-3.9337,0.0019402,3,3,2,0,5,0,10,3,0,2
2102.1,30,0,5.0244,-1.1522,867.66,-3.9254,0.0032193,3,3,2,1,5,0,10,3,0,2
2102.1,30,0,5.0245,-1.1577,867.44,-3.9225,0.0032033,3,3,2,1,5,0,10,3,0,2
2102.1,30,0,5.0243,-1.1621,867.23,-3.9197,0.0044658,3,3,2,1,5,0,10,3,0,2
2102.1,30,0,5.0239,-1.1651,867.03,-3.9169,0.004444,3,3,2,1,5,0,10,3,0,2
2102.1,30,0,5.0233,-1.1668,866.82,-3.9141,0.0044229,3,3,2,1,5,0,10,3,0,2
2102.1,30,0,5.0224,-1.1671,866.62,-3.9113,0.0044052,3,3,2,1,5,0,10,3,0,2
2102.1,30,0,5.0213,-1.166,866.42,-3.9085,0.0018793,3,3,2,1,5,0,10,3,0,2
2102.1,30,0,5.02,-1.1637,866.22,-3.9057,0.0018694,3,3,2,1,5,0,10,3,0,2
2102.1,30,0,5.0185,-1.1602,866.03,-3.903,0.00061992,3,3,2,1,5,0,10,3,0,2
2102.2,30,0,5.0167,-1.1558,865.84,-3.9002,0.00061706,3,3,2,1,5,0,10,3,0,2
2102.2,30,0,5.0147,-1.1505,865.66,-3.8975,-0.00061409,3,3,2,1,5,0,10,3,0,2
2102.2,30,0,5.0124,-1.1445,865.47,-3.8948,-0.00061186,3,3,2,1,5,0,10,3,0,2
2102.2,30,0,5.0099,-1.1379,865.29,-3.8921,-0.0030466,3,3,2,1,5,0,10,3,0,2
2102.2,30,0,5.0072,-1.1308,865.12,-3.8894,-0.0030313,3,3,2,1,5,0,10,3,0,2
2102.2,30,0,5.0043,-1.1232,864.95,-3.8867,-0.00181,3,3,2,1,5,0,10,3,0,2
2102.2,30,0,5.0011,-1.115,864.78,-3.884,-0.0018029,3,3,2,1,5,0,10,3,0,2
2102.2,30,0,4.9977,-1.1062,864.61,-3.8814,-0.0017959,3,3,2,1,5,0,10,3,0,2
2102.2,30,0,4.994,-1.0968,864.44,-3.8787,-0.001787,3,3,2,1,5,0,10,3,0,2
2102.2,30,0,4.9901,-1.0865,864.28,-3.8761,-0.00059226,3,3,2,1,5,0,10,3,0,2
2102.3,30,0,4.986,-1.0754,864.13,-3.8735,-0.00058914,3,3,2,1,5,0,10,3,0,2
2102.3,30,0,4.9817,-1.0632,863.97,-3.8709,0.0029311,3,3,2,2,5,0,10,3,0,2
2102.3,30,0,4.9771,-1.0499,863.82,-3.8683,0.0029158,3,3,2,2,5,0,10,3,0,2
2102.3,30,0,4.9723,-1.0349,863.67,-3.8658,0.0029034,3,3,2,2,5,0,10,3,0,2
2102.3,30,0,4.9673,-1.0186,863.53,-3.8632,0.0028927,3,3,2,2,5,0,10,3,0,2
2102.3,30,0,4.962,-1.0013,863.39,-3.8608,0.0063308,3,3,2,2,5,0,10,3,0,2
2102.3,30,0,4.9565,-0.98283,863.25,-3.8583,0.0062976,3,3,2,2,5,0,10,3,0,2
2102.3,30,0,4.9507,-0.96347,863.11,-3.8558,0.0085527,3,3,2,2,5,0,10,3,0,2
2102.3,30,0,4.9448,-0.94331,862.98,-3.8533,0.0085097,3,3,2,2,5,0,10,3,0,2
2102.3,30,0,4.9388,-0.92251,862.85,-3.8508,0.0084732,3,3,2,2,5,0,10,3,0,2
2102.4,30,0,4.9328,-0.90125,862.73,-3.8483,0.0084368,3,3,2,2,5,0,10,3,0,2
2102.4,30,0,4.9269,-0.87971,862.6,-3.8459,0.011776,3,3,2,2,5,0,10,3,0,2
2102.4,30,0,4.9209,-0.85806,862.48,-3.8435,0.011738,3,3,2,2,5,0,10,3,0,2
2102.4,30,0,4.9149,-0.83646,862.37,-3.8411,0.012831,3,3,2,2,5,0,10,3,0,2
2102.4,30,0,4.909,-0.81504,862.25,-3.8387,0.012812,3,3,2,2,5,0,10,3,0,2
2102.4,30,0,4.903,-0.79391,862.14,-3.8364,0.010559,3,3,2,2,5,0,10,3,0,2
2102.4,30,0,4.897,-0.77316,862.04,-3.8341,0.010538,3,3,2,2,5,0,10,3,0,2
2102.4,30,0,4.891,-0.75283,861.93,-3.8318,0.009427,3,3,2,2,5,0,10,3,0,2
2102.4,30,0,4.8851,-0.73296,861.83,-3.8295,0.0094216,3,3,2,2,5,0,10,3,0,2
2102.4,30,0,4.8791,-0.71356,861.74,-3.8273,0.0071987,3,3,2,2,5,0,10,3,0,2
2102.5,30,0,4.8731,-0.69402,861.64,-3.825,0.0072054,3,3,2,2,5,0,10,3,0,2
2102.5,30,0,4.8672,-0.67489,861.55,-3.8228,0.0049912,3,3,0,3,5,0,10,3,0,2
2102.5,30,0,4.8612,-0.65621,861.46,-3.8207,0.004987,3,3,0,3,5,0,10,3,0,2
2102.5,30,0,4.8552,-0.63795,861.38,-3.8185,0.0027692,3,3,0,3,5,0,10,3,0,2
2102.5,30,0,4.8493,-0.62012,861.3,-3.8164,0.0027688,3,3,0,3,5,0,10,3,0,2
2102.5,30,0,4.8434,-0.60272,861.22,-3.8142,0.0027726,3,3,0,3,5,0,10,3,0,2
2102.5,30,0,4.8377,-0.58578,861.14,-3.8121,0.0027745,3,3,0,3,5,0,10,3,0,2
2102.5,30,0,4.832,-0.56933,861.07,-3.8101,0.0027778,3,3,0,3,5,0,10,3,0,2
2102.5,30,0,4.8265,-0.55344,861,-3.808,0.0027903,3,3,0,3,5,0,10,3,0,2
2102.5,30,0,4.8212,-0.53821,860.94,-3.806,0.0028032,3,3,0,3,5,0,10,3,0,2
2102.6,30,0,4.8159,-0.52373,860.88,-3.804,0.0028111,3,3,0,3,5,0,10,3,0,2
2102.6,30,0,4.8107,-0.51013,860.81,-3.802,0.0039492,3,3,0,3,5,0,10,3,0,2
2102.6,30,0,4.8057,-0.49754,860.75,-3.8,0.0039674,3,3,0,3,5,0,10,3,0,2
2102.6,30,0,4.8008,-0.48607,860.69,-3.798,0.0073896,3,3,0,3,5,0,10,3,0,2
2102.6,30,0,4.796,-0.47585,860.63,-3.7961,0.0074189,3,3,0,3,5,0,10,3,0,2
2102.6,30,0,4.7913,-0.46697,860.56,-3.7942,0.0074545,3,3,0,3,5,0,10,3,0,2
2102.6,30,0,4.7867,-0.45951,860.5,-3.7923,0.0074914,3,3,0,3,5,0,10,3,0,2
2102.6,30,0,4.7823,-0.4535,860.44,-3.7904,0.010995,3,3,0,3,5,0,10,3,0,2
2102.6,30,0,4.778,-0.44896,860.38,-3.7886,0.011032,3,3,0,3,5,0,10,3,0,2
2102.6,30,0,4.7737,-0.44587,860.31,-3.7868,0.012239,3,3,0,3,5,0,10,3,0,2
2102.7,30,0,4.7697,-0.44416,860.25,-3.785,0.012278,3,3,0,3,5,0,10,3,0,2
2102.7,30,0,4.7657,-0.44377,860.19,-3.7832,0.013507,3,3,0,4,5,0,10,3,0,2
2102.7,30,0,4.7618,-0.44462,860.13,-3.7815,0.013561,3,3,0,4,5,0,10,3,0,2
2102.7,30,0,4.7581,-0.4466,860.06,-3.7797,0.012446,3,3,0,4,5,0,10,3,0,2
2102.7,30,0,4.7544,-0.44963,860,-3.778,0.012488,3,3,0,4,5,0,10,3,0,2
2102.7,30,0,4.7509,-0.45364,859.94,-3.5952,0.01133,3,3,0,4,5,0,10,3,0,2
2102.7,30,0,4.7475,-0.45858,859.88,-3.5804,0.011365,3,3,0,4,5,0,10,3,0,2
2102.7,30,0,4.7442,-0.46443,859.81,-3.5809,0.011389,3,3,0,4,5,0,10,3,0,2
2102.7,30,0,4.7411,-0.47116,859.75,-3.5813,0.011419,3,3,0,4,5,0,10,3,0,2
2102.7,30,0,4.738,-0.47879,859.68,-3.5818,0.0090404,3,3,0,4,5,0,10,3,0,2
2102.8,30,0,4.7351,-0.48734,859.61,-3.5823,0.0090698,3,3,0,4,5,0,10,3,0,2
2102.8,30,0,4.7323,-0.49682,859.54,-3.5827,0.0078726,3,3,0,4,5,0,10,3,0,2
2102.8,30,0,4.7296,-0.50725,859.47,-3.5832,0.007884,3,3,0,4,5,0,10,3,0,2
2102.8,30,0,4.727,-0.51861,859.4,-3.5837,0.0078916,3,3,0,4,5,0,10,3,0,2
2102.8,30,0,4.7246,-0.53088,859.32,-3.5842,0.0078877,3,3,0,4,5,0,10,3,0,2
2102.8,30,0,4.7222,-0.54398,859.24,-3.5847,0.0066855,3,3,0,4,5,0,10,3,0,2
2102.8,30,0,4.72,-0.55784,859.16,-3.5852,0.0067011,3,3,0,4,5,0,10,3,0,2
2102.8,30,0,4.7179,-0.57234,859.08,-3.5857,0.0067113,3,3,0,4,5,0,10,3,0,2
2102.8,30,0,4.7159,-0.58735,858.99,-3.5862,0.006708,3,3,0,4,5,0,10,3,0,2
2102.8,30,0,4.714,-0.60274,858.91,-3.5868,0.0054888,3,3,0,4,5,0,10,3,0,2
2102.9,30,0,4.7123,-0.61839,858.82,-3.5873,0.0054874,3,3,0,4,5,0,10,3,0,2
2102.9,30,0,4.7107,-0.63419,858.73,-3.5878,0.0042604,4,3,3,0,5,0,10,3,0,2
2102.9,30,0,4.7091,-0.65006,858.64,-3.5883,0.0042569,4,3,3,0,5,0,10,3,0,2
2102.9,30,0,4.7077,-0.66596,858.54,-3.5889,0.0042535,4,3,3,0,5,0,10,3,0,2
2102.9,30,0,4.7064,-0.68185,858.44,-3.5894,0.0042476,4,3,3,0,5,0,10,3,0,2
2102.9,30,0,4.7053,-0.69777,858.35,-3.59,0.0030303,4,3,3,0,5,0,10,3,0,2
2102.9,30,0,4.7042,-0.71374,858.25,-3.5905,0.0030241,4,3,3,0,5,0,10,3,0,2
2102.9,30,0,4.7033,-0.72982,858.14,-3.591,0.0054315,4,3,3,0,5,0,10,3,0,2
2102.9,30,0,4.7025,-0.74607,858.04,-3.5916,0.0054138,4,3,3,0,5,0,10,3,0,2
2102.9,30,0,4.7018,-0.76253,857.93,-3.5921,0.0053988,4,3,3,0,5,0,10,3,0,2
2103,30,0,4.7012,-0.77922,857.82,-3.5927,0.0053872,4,3,3,0,5,0,10,3,0,2
2103,30,0,4.7007,-0.79675,857.71,-3.5932,0.0065714,4,3,3,0,5,0,10,3,0,2
2103,30,0,4.7004,-0.81453,857.6,-3.5937,0.0065503,4,3,3,0,5,0,10,3,0,2
2103,30,0,4.7001,-0.83243,857.49,-3.5943,0.0065303,4,3,3,0,5,0,10,3,0,2
2103,30,0,4.7,-0.85037,857.37,-3.5948,0.0065141,4,3,3,0,5,0,10,3,0,2
2103,30,0,4.7,-0.86823,857.25,-3.5954,0.0064876,4,3,3,0,5,0,10,3,0,2
2103,30,0,4.7,-0.88587,857.13,-3.596,0.0064643,4,3,3,0,5,0,10,3,0,2
2103,30,0,4.7,-0.90315,857.01,-3.5965,0.0052762,4,3,3,0,5,0,10,3,0,2
2103,30,0,4.7,-0.91994,856.89,-3.597,0.0052638,4,3,3,0,5,0,10,3,0,2
2103,30,0,4.7,-0.93612,856.76,-3.5976,0.0029155,4,3,3,0,5,0,10,3,0,2
2103.1,30,0,4.7,-0.95159,856.63,-3.5981,0.0029064,4,3,3,0,5,0,10,3,0,2
2103.1,30,0,4.7,-0.96627,856.5,-3.5986,0.0040538,4,3,3,1,5,0,10,3,0,2
2103.1,30,0,4.7,-0.98011,856.37,-3.5992,0.0040393,4,3,3,1,5,0,10,3,0,2
2103.1,30,0,4.7,-0.99309,856.23,-3.5997,0.0028769,4,3,3,1,5,0,10,3,0,2
2103.1,30,0,4.7,-1.0052,856.1,-3.6002,0.0028653,4,3,3,1,5,0,10,3,0,2
2103.1,30,0,4.7,-1.0165,855.96,-3.6007,0.0028572,4,3,3,1,5,0,10,3,0,2
2103.1,30,0,4.7,-1.0271,855.82,-3.6012,0.0028476,4,3,3,1,5,0,10,3,0,2
2103.1,30,0,4.7,-1.0371,855.68,-3.6017,0.0017021,4,3,3,1,5,0,10,3,0,2
2103.1,30,0,4.7,-1.0464,855.53,-3.6022,0.0016968,4,3,3,1,5,0,10,3,0,2
2103.2,30,0,4.7,-1.0552,855.39,-3.6027,0.00056358,4,3,3,1,5,0,10,3,0,2
2103.2,30,0,4.7,-1.0634,855.24,-3.6032,0.00056112,4,3,3,1,5,0,10,3,0,2
2103.2,30,0,4.7,-1.0713,855.09,-3.6037,-0.00055955,4,3,3,1,5,0,10,3,0,2
2103.2,30,0,4.7,-1.0788,854.94,-3.6042,-0.00055836,4,3,3,1,5,0,10,3,0,2
2103.2,30,0,4.7,-1.0861,854.78,-3.6046,-0.0027869,4,3,3,1,5,0,10,3,0,2
2103.2,30,0,4.7,-1.0932,854.63,-3.6051,-0.002782,4,3,3,1,5,0,10,3,0,2
2103.2,30,0,4.7,-1.1002,854.47,-3.6055,-0.0061111,4,3,3,1,5,0,10,3,0,2
2103.2,30,0,4.7,-1.1072,854.31,-3.606,-0.0060616,4,3,3,1,5,0,10,3,0,2
2103.2,30,0,4.7,-1.1142,854.15,-3.6064,-0.0060208,4,3,3,1,5,0,10,3,0,2
2103.2,30,0,4.7,-1.1213,853.98,-3.6069,-0.0059854,4,3,3,1,5,0,10,3,0,2
2103.2,30,0,4.7,-1.1285,853.82,-3.6073,-0.0059499,4,3,3,1,5,0,10,3,0,2
2103.3,30,0,4.7,-1.1358,853.65,-3.6077,-0.0059113,4,3,3,1,5,0,10,3,0,2
2103.3,30,0,4.7,-1.1433,853.49,-3.6081,-0.0058758,4,3,2,2,5,0,10,3,0,2
2103.3,30,0,4.7,-1.151,853.32,-3.6085,-0.0058436,4,3,2,2,5,0,10,3,0,2
2103.3,30,0,4.7,-1.1589,853.16,-3.6089,-0.0047508,4,3,2,2,5,0,10,3,0,2
2103.3,30,0,4.7,-1.1671,853,-3.6093,-0.0047218,4,3,2,2,5,0,10,3,0,2
2103.3,30,0,4.7,-1.1756,852.83,-3.6097,-0.0047008,4,3,2,2,5,0,10,3,0,2
2103.3,30,0,4.7,-1.1845,852.67,-3.6101,-0.0046793,4,3,2,2,5,0,10,3,0,2
2103.3,30,0,4.7,-1.1937,852.5,-3.6104,-0.0015489,4,3,2,2,5,0,10,3,0,2
2103.3,30,0,4.7,-1.2033,852.34,-3.6107,-0.0015401,4,3,2,2,5,0,10,3,0,2
2103.3,30,0,4.7,-1.2134,852.18,-3.6111,-0.0035738,4,3,2,2,5,0,10,3,0,2
2103.4,30,0,4.7,-1.2238,852.01,-3.6204,-0.0035516,4,3,2,2,5,0,10,3,0,2
2103.4,30,0,4.7,-1.2347,851.85,-3.6208,-0.0035298,4,3,2,2,5,0,10,3,0,2
2103.4,30,0,4.7,-1.246,851.68,-3.6835,-0.0035103,4,3,2,2,5,0,10,3,0,2
2103.4,30,0,4.7,-1.2576,851.52,-3.6831,-0.0034946,4,3,2,2,5,0,10,3,0,2
2103.4,30,0,4.7,-1.2694,851.35,-3.6827,-0.0034731,4,3,2,2,5,0,10,3,0,2
2103.4,30,0,4.7,-1.2813,851.19,-3.6823,-0.00049289,4,3,2,2,5,0,10,3,0,2
2103.4,30,0,4.7,-1.2933,851.02,-3.6819,-0.00049035,4,3,2,2,5,0,10,3,0,2
2103.4,30,0,4.7,-1.3052,850.86,-3.6815,-0.0024376,4,3,2,2,5,0,10,3,0,2
2103.4,30,0,4.7,-1.3169,850.69,-3.6811,-0.0024188,4,3,2,2,5,0,10,3,0,2
2103.4,30,0,4.7,-1.3284,850.52,-3.6807,-0.0024015,4,3,2,2,5,0,10,3,0,2
2103.5,30,0,4.7,-1.3396,850.35,-3.6802,-0.0023895,4,3,2,2,5,0,10,3,0,2
2103.5,30,0,4.7,-1.3505,850.19,-3.6798,-0.0033217,4,3,0,3,5,0,10,3,0,2
2103.5,30,0,4.7,-1.3613,850.02,-3.6794,-0.0032982,4,3,0,3,5,0,10,3,0,2
2103.5,30,0,4.7,-1.3719,849.85,-3.6789,-0.0032725,4,3,0,3,5,0,10,3,0,2
2103.5,30,0,4.7,-1.3825,849.67,-3.6784,-0.0032479,4,3,0,3,5,0,10,3,0,2
2103.5,30,0,4.7,-1.3932,849.5,-3.678,-0.0032236,4,3,0,3,5,0,10,3,0,2
2103.5,30,0,4.7,-1.4041,849.33,-3.6775,-0.0031956,4,3,0,3,5,0,10,3,0,2
2103.5,30,0,4.7,-1.4151,849.16,-3.677,-0.002265,4,3,0,3,5,0,10,3,0,2
2103.5,30,0,4.7,-1.4265,848.98,-3.6765,-0.0022467,4,3,0,3,5,0,10,3,0,2
2103.6,30,0,4.7,-1.438,848.81,-3.676,-0.0022261,4,3,0,3,5,0,10,3,0,2
2103.6,30,0,4.7,-1.4497,848.63,-3.6755,-0.0022059,4,3,0,3,5,0,10,3,0,2
2103.6,30,0,4.7,-1.4613,848.46,-3.675,-0.0013125,4,3,0,3,5,0,10,3,0,2
2103.6,30,0,4.7,-1.4727,848.28,-3.6745,-0.0012993,4,3,0,3,5,0,10,3,0,2
2103.6,30,0,4.7,-1.4838,848.1,-3.674,-0.00042896,4,3,0,3,5,0,10,3,0,2
2103.6,30,0,4.7,-1.4942,847.92,-3.6735,-0.0004248,4,3,0,3,5,0,10,3,0,2
2103.6,30,0,4.7,-1.5039,847.74,-3.6729,0.0012596,4,3,0,3,5,0,10,3,0,2
2103.6,30,0,4.7,-1.5125,847.56,-3.6724,0.0012468,4,3,0,3,5,0,10,3,0,2
2103.6,30,0,4.7,-1.5201,847.38,-3.6718,0.0020553,4,3,0,3,5,0,10,3,0,2
2103.6,30,0,4.7,-1.5264,847.2,-3.6712,0.0020314,4,3,0,3,5,0,10,3,0,2
2103.7,30,0,4.7,-1.5315,847.02,-3.6706,0.001204,4,3,0,3,5,0,10,3,0,2
2103.7,30,0,4.7,-1.5357,846.84,-3.6701,0.0011899,4,3,0,3,5,0,10,3,0,2
2103.7,30,0,4.7,-1.5389,846.66,-3.6695,0.0011767,4,3,0,4,5,0,10,3,0,2
2103.7,30,0,4.7,-1.5413,846.47,-3.6689,0.001161,4,3,0,4,5,0,10,3,0,2
2103.7,30,0,4.7,-1.5431,846.29,-3.6683,0.00038163,4,3,0,4,5,0,10,3,0,2
2103.7,30,0,4.7,-1.5444,846.1,-3.6676,0.00037713,4,3,0,4,5,0,10,3,0,2
2103.7,30,0,4.7,-1.5455,845.92,-3.667,-0.0018625,4,3,0,4,5,0,10,3,0,2
2103.7,30,0,4.7,-1.5463,845.73,-3.6664,-0.0018348,4,3,0,4,5,0,10,3,0,2
2103.7,30,0,4.7,-1.547,845.54,-3.6657,-0.0039774,4,3,0,4,5,0,10,3,0,2
2103.7,30,0,4.7,-1.5477,845.35,-3.6651,-0.0039231,4,3,0,4,5,0,10,3,0,2
2103.7,30,0,4.7,-1.5482,845.17,-3.6644,-0.0052682,4,3,0,4,5,0,10,3,0,2
2103.8,30,0,4.7,-1.5487,844.98,-3.6637,-0.0051883,4,3,0,4,5,0,10,3,0,2
2103.8,30,0,4.7,-1.549,844.79,-3.663,-0.0064668,4,3,0,4,5,0,10,3,0,2
2103.8,30,0,4.7,-1.5492,844.6,-3.6623,-0.0063636,4,3,0,4,5,0,10,3,0,2
2103.8,30,0,4.7,-1.5491,844.4,-3.6616,-0.0082228,4,3,0,4,5,0,10,3,0,2
2103.8,30,0,4.7,-1.5486,844.21,-3.6609,-0.0080687,4,3,0,4,5,0,10,3,0,2
2103.8,30,0,4.7,-1.5478,844.02,-3.6602,-0.0079243,4,3,0,4,5,0,10,3,0,2
2103.8,30,0,4.7,-1.5465,843.82,-3.6595,-0.0077739,4,3,0,4,5,0,10,3,0,2
2103.8,30,0,4.7,-1.5449,843.63,-3.6587,-0.0063893,4,3,0,4,5,0,10,3,0,2
2103.8,30,0,4.7,-1.5429,843.44,-3.658,-0.0062485,4,3,0,4,5,0,10,3,0,2
2103.8,30,0,4.7,-1.5405,843.24,-3.6572,-0.0049552,4,3,0,4,5,0,10,3,0,2
2103.9,30,0,4.7,-1.5378,843.04,-3.6565,-0.0048454,4,3,0,4,5,0,10,3,0,2
2103.9,10,0,4.7,-1.5347,842.85,-3.6557,-0.0041667,5,3,4,0,5,0,10,3,0,1
2103.9,10,0,4.7,-1.5313,842.65,-3.6549,-0.0041234,5,3,4,0,5,0,10,3,0,1
2103.9,10,0,4.7,-1.5275,842.45,-3.6541,-0.0029959,5,3,4,0,5,0,10,3,0,1
2103.9,10,0,4.7,-1.5234,842.25,-3.6533,-0.0029577,5,3,4,0,5,0,10,3,0,1
2103.9,10,0,4.7,-1.5188,842.05,-3.6525,-0.0018562,5,3,4,0,5,0,10,3,0,1
2103.9,10,0,4.7,-1.5136,841.85,-3.6516,-0.0018315,5,3,4,0,5,0,10,3,0,1
2103.9,10,0,4.7,-1.5079,841.65,-3.6508,-0.00077527,5,3,4,0,5,0,10,3,0,1
2103.9,10,0,4.7,-1.5015,841.45,-3.6499,-0.00076339,5,3,4,0,5,0,10,3,0,1
2103.9,10,0,4.7,-1.4943,841.25,-3.6491,0.0007518,5,3,4,0,5,0,10,3,0,1
2104,10,0,4.7,-1.4861,841.05,-3.6482,0.00074271,5,3,4,0,5,0,10,3,0,1
2104,10,0,4.7,-1.4768,840.85,-3.6473,0.00073171,5,3,4,0,5,0,10,3,0,1
2104,10,0,4.7,-1.4663,840.65,-3.6464,0.00071968,5,3,4,0,5,0,10,3,0,1
2104,10,0,4.7,-1.4544,840.45,-3.6455,0.00070838,5,3,4,0,5,0,10,3,0,1
2104,10,0,4.7,-1.4411,840.25,-3.6446,0.00069797,5,3,4,0,5,0,10,3,0,1
2104,10,0,4.7,-1.4263,840.05,-3.6443,0.0011427,5,3,4,0,5,0,10,3,0,1
2104,10,0,4.7,-1.4101,839.85,-3.6434,0.0011237,5,3,4,0,5,0,10,3,0,1
2104,10,0,4.7,-1.3924,839.65,-3.6424,0.0011066,5,3,4,0,5,0,10,3,0,1
2104,10,0,4.7,-1.3734,839.45,-3.6415,0.0010872,5,3,4,0,5,0,10,3,0,1
2104,10,0,4.7,-1.3533,839.25,-3.6405,0.0010669,5,3,4,0,5,0,10,3,0,1
2104.1,10,0,4.7,-1.3322,839.05,-3.6042,0.0010489,5,3,4,0,5,0,10,3,0,1
2104.1,10,0,4.7,-1.3105,838.84,-3.6037,0.0002062,5,3,4,1,5,0,10,3,0,1
2104.1,10,0,4.7,-1.2885,838.63,-3.6031,0.00020263,5,3,4,1,5,0,10,3,0,1
2104.1,10,0,4.7,-1.2663,838.42,-3.6025,-0.00019901,5,3,4,1,5,0,10,3,0,1
2104.1,10,0,4.7,-1.2444,838.21,-3.602,-0.00019603,5,3,4,1,5,0,10,3,0,1
2104.1,80,0,4.7,-1.2229,837.99,-3.6014,0.00019212,5,3,4,1,5,0,10,3,0,3
2104.1,80,0,4.7,-1.202,837.77,-3.6008,0.00018821,5,3,4,1,5,0,10,3,0,3
2104.1,80,0,4.7,-1.1819,837.55,-3.6001,-0.00018464,5,3,4,1,5,0,10,3,0,3
2104.1,80,0,4.7,-1.1627,837.33,-3.5995,-0.00018087,5,3,4,1,5,0,10,3,0,3
2104.1,80,0,4.7,-1.1443,837.1,-3.5988,-0.00017677,5,3,4,1,5,0,10,3,0,3
2104.2,80,0,4.7,-1.1268,836.87,-3.5982,-0.000173,5,3,4,1,5,0,10,3,0,3
2104.2,80,0,4.7,-1.1101,836.64,-3.5975,-0.00050947,5,3,4,1,5,0,10,3,0,3
2104.2,80,0,4.7,-1.0941,836.4,-3.5968,-0.00049965,5,3,4,1,5,0,10,3,0,3
2104.2,80,0,4.7,-1.0787,836.16,-3.5961,-0.00081539,5,3,4,1,5,0,10,3,0,3
2104.2,80,0,4.7,-1.0639,835.92,-3.5954,-0.00079902,5,3,4,1,5,0,10,3,0,3
2104.2,80,0,4.7,-1.0495,835.68,-3.5946,-0.00047121,5,3,4,1,5,0,10,3,0,3
2104.2,80,0,4.7,-1.0356,835.43,-3.5939,-0.00046271,5,3,4,1,5,0,10,3,0,3
2104.2,80,0,4.7,-1.0223,835.19,-3.5931,-0.00045465,5,3,4,1,5,0,10,3,0,3
2104.2,80,0,4.7,-1.0094,834.93,-3.5923,-0.00044865,5,3,4,1,5,0,10,3,0,3
2104.2,80,0,4.7,-0.9972,834.68,-3.5916,-0.00044442,5,3,4,1,5,0,10,3,0,3
2104.3,80,0,4.7,-0.9857,834.42,-3.5907,-0.00043827,5,3,4,1,5,0,10,3,0,3
2104.3,80,0,4.7,-0.97501,834.16,-3.5899,-0.00014453,5,3,3,2,5,0,10,3,0,3
2104.3,80,0,4.7,-0.96519,833.9,-3.5891,-0.00014322,5,3,3,2,5,0,10,3,0,3
2104.3,80,0,4.7,-0.95631,833.64,-3.5882,-0.00014171,5,3,3,2,5,0,10,3,0,3
2104.3,80,0,4.7,-0.94837,833.37,-3.5873,-0.00014069,5,3,3,2,5,0,10,3,0,3
2104.3,80,0,4.7,-0.94137,833.1,-3.5865,0.00042005,5,3,3,2,5,0,10,3,0,3
2104.3,80,0,4.7,-0.93536,832.82,-3.5856,0.00041994,5,3,3,2,5,0,10,3,0,3
2104.3,80,0,4.7,-0.93015,832.55,-3.5847,0.00041821,5,3,3,2,5,0,10,3,0,3
2104.3,80,0,4.7,-0.92566,832.27,-3.5837,0.00041663,5,3,3,2,5,0,10,3,0,3
2104.3,80,0,4.7,-0.9218,831.99,-3.5828,0.00069321,5,3,3,2,5,0,10,3,0,3
2104.4,80,0,4.7,-0.91847,831.7,-3.5818,0.0006918,5,3,3,2,5,0,10,3,0,3
2104.4,80,0,4.7,-0.91561,831.42,-3.5808,0.00068818,5,3,3,2,5,0,10,3,0,3
2104.4,80,0,4.7,-0.91318,831.13,-3.5799,0.00068848,5,3,3,2,5,0,10,3,0,3
2104.4,80,0,4.7,-0.9112,830.83,-3.5788,0.00096945,5,3,3,2,5,0,10,3,0,3
2104.4,80,0,4.7,-0.90968,830.54,-3.5778,0.00097536,5,3,3,2,5,0,10,3,0,3
2104.4,80,0,4.7,-0.9087,830.24,-3.5768,0.00069258,5,3,3,2,5,0,10,3,0,3
2104.4,80,0,4.7,-0.90836,829.94,-3.5757,0.00069166,5,3,3,2,5,0,10,3,0,3
2104.4,80,0,4.7,-0.90881,829.64,-3.5747,0.00041503,5,3,3,2,5,0,10,3,0,3
2104.4,80,0,4.7,-0.91018,829.33,-3.5736,0.00041492,5,3,3,2,5,0,10,3,0,3
2104.4,80,0,4.7,-0.91264,829.02,-3.5725,0.00013861,5,3,3,2,5,0,10,3,0,3
2104.5,80,0,4.7,-0.91634,828.71,-3.5714,0.00013867,5,3,3,2,5,0,10,3,0,3
2104.5,80,0,4.7,-0.92141,828.4,-3.5703,0.00013957,5,3,0,3,5,0,10,3,0,3
2104.5,80,0,4.7,-0.92797,828.08,-3.5691,0.00013938,5,3,0,3,5,0,10,3,0,3
2104.5,80,0,4.7,-0.93613,827.76,-3.568,-0.00013925,5,3,0,3,5,0,10,3,0,3
2104.5,80,0,4.7,-0.94586,827.44,-3.5668,-0.0001395,5,3,0,3,5,0,10,3,0,3
2104.5,80,0,4.7,-0.9571,827.12,-3.5656,-0.0004184,5,3,0,3,5,0,10,3,0,3
2104.5,80,0,4.7,-0.96973,826.79,-3.5644,-0.00041667,5,3,0,3,5,0,10,3,0,3
2104.5,80,0,4.7,-0.98355,826.46,-3.5632,-0.00040982,5,3,0,3,5,0,10,3,0,3
2104.5,80,0,4.7,-0.99829,826.12,-3.5619,-0.00040401,5,3,0,3,5,0,10,3,0,3
2104.6,80,0,4.7,-1.0136,825.79,-3.5607,-0.00013214,5,3,0,3,5,0,10,3,0,3
2104.6,80,0,4.7,-1.0291,825.45,-3.5594,-0.00012971,5,3,0,3,5,0,10,3,0,3
2104.6,80,0,4.7,-1.0443,825.11,-3.5581,-0.00038201,5,3,0,3,5,0,10,3,0,3
2104.6,80,0,4.7,-1.0589,824.77,-3.5568,-0.00037457,5,3,0,3,5,0,10,3,0,3
2104.6,80,0,4.7,-1.0722,824.43,-3.5555,-0.00012233,5,3,0,3,5,0,10,3,0,3
2104.6,80,0,4.7,-1.084,824.1,-3.5542,-0.00012015,5,3,0,3,5,0,10,3,0,3
2104.6,80,0,4.7,-1.0939,823.76,-3.5529,0.00011767,5,3,0,3,5,0,10,3,0,3
2104.6,80,0,4.7,-1.1016,823.42,-3.5515,0.00011446,5,3,0,3,5,0,10,3,0,3
2104.6,80,0,4.7,-1.1069,823.08,-3.5501,0.00011075,5,3,0,3,5,0,10,3,0,3
2104.6,80,0,4.7,-1.1099,822.74,-3.5488,0.00010803,5,3,0,3,5,0,10,3,0,3
2104.6,80,0,4.7,-1.1106,822.4,-3.5472,0.0005236,5,3,0,3,5,0,10,3,0,3
2104.7,80,0,4.7,-1.1093,822.07,-3.5458,0.00050533,5,3,0,3,5,0,10,3,0,3
2104.7,80,0,4.7,-1.1061,821.73,-3.5444,0.00068359,5,3,0,4,5,0,10,3,0,3
2104.7,80,0,4.7,-1.1015,821.39,-3.5429,0.00065869,5,3,0,4,5,0,10,3,0,3
2104.7,80,0,4.7,-1.0959,821.05,-3.5415,0.00081047,5,3,0,4,5,0,10,3,0,3
2104.7,80,0,4.7,-1.0898,820.71,-3.54,0.0007736,5,3,0,4,5,0,10,3,0,3
2104.7,80,0,4.7,-1.0836,820.38,-3.5385,0.00057302,5,3,0,4,5,0,10,3,0,3
2104.7,80,0,4.7,-1.0776,820.06,-3.537,0.00054332,5,3,0,4,5,0,10,3,0,3
2104.7,80,0,4.7,-1.0723,819.74,-3.5355,0.00051087,5,3,0,4,5,0,10,3,0,3
2104.7,80,0,4.7,-1.0678,819.43,-3.5516,0.0004791,5,3,0,4,5,0,10,3,0,3
2104.7,80,0,4.7,-1.0643,819.13,-3.5498,0.00032076,5,3,0,4,5,0,10,3,0,3
2104.8,80,0,4.7,-1.0618,818.84,-3.5481,0.00029929,5,3,0,4,5,0,10,3,0,3
2104.8,80,0,4.7,-1.0603,818.56,-3.5463,0.0001639,5,3,0,4,5,0,10,3,0,3
2104.8,80,0,4.7,-1.0597,818.28,-3.5444,0.00014941,5,3,0,4,5,0,10,3,0,3
2104.8,80,0,4.7,-1.0597,818.01,-3.5426,-0.0001355,5,3,0,4,5,0,10,3,0,3
2104.8,80,0,4.7,-1.06,817.75,-3.5408,-0.00012056,5,3,0,4,5,0,10,3,0,3
2104.8,80,0,4.7,-1.0605,817.5,-3.5389,-0.00017457,5,3,0,4,5,0,10,3,0,3
2104.8,80,0,4.7,-1.0606,817.25,-3.5371,-0.00014919,5,3,0,4,5,0,10,3,0,3
2104.8,100,0,4.7,-1.0602,817.01,-3.5352,-0.00017641,5,3,0,4,5,0,10,3,0,4
2104.8,100,0,4.7,-1.0588,816.78,-3.5333,-0.00014774,5,3,0,4,5,0,10,3,0,4
2104.8,100,0,4.7,-1.0563,816.56,-3.5314,-0.000084803,5,3,0,4,5,0,10,3,0,4
2104.9,100,0,4.7,-1.0524,816.34,-3.5295,-0.000066529,5,3,0,4,5,0,10,3,0,4
2104.9,100,0,4.7,-1.0469,816.14,-3.5276,-0.000055123,0,3,0,0,5,0,10,3,0,4
2104.9,100,0,4.7,-1.0397,815.94,-3.5256,-0.00004715,0,3,0,0,5,0,10,3,0,4
2104.9,100,0,4.7,-1.0308,815.75,-3.5237,-0.00004212,0,3,0,0,5,0,10,3,0,4
2104.9,100,0,4.7,-1.0202,815.56,-3.5217,-0.000041995,0,3,0,0,5,0,10,3,0,4
2104.9,100,0,4.7,-1.008,815.38,-3.5198,-9.6494E-06,0,3,0,0,5,0,10,3,0,4
2104.9,100,0,4.7,-0.99429,815.22,-3.5178,-0.000010851,0,3,0,1,5,0,10,3,0,4
2104.9,100,0,4.7,-0.97928,815.05,-3.5158,0.00006075,0,3,0,1,5,0,10,3,0,4
2104.9,100,0,4.7,-0.96315,814.9,-3.5138,0.000069209,0,3,0,1,5,0,10,3,0,4
2104.9,100,0,4.7,-0.94612,814.76,-3.5118,0.000083554,0,3,0,1,5,0,10,3,0,4
2105,100,0,4.7,-0.92839,814.62,-3.5097,0.000092013,0,3,0,1,5,0,10,3,0,4
2105,120,0,4.7,-0.91017,814.49,-3.5077,0.00014341,0,3,0,2,5,0,10,3,0,5
2105,120,0,4.7,-0.89161,814.36,-3.5057,0.00015697,0,3,0,2,5,0,10,3,0,5
2105,120,0,4.7,-0.87289,814.25,-3.5036,0.00016023,0,3,0,2,5,0,10,3,0,5
2105,120,0,4.7,-0.85406,814.14,-3.5016,0.00015971,0,3,0,2,5,0,10,3,0,5
2105,120,0,4.7,-0.83528,814.04,-3.4994,0.00011493,0,3,0,2,5,0,10,3,0,5
2105,120,0,4.7,-0.81667,813.95,-3.4973,0.00011236,0,3,0,3,5,0,10,3,0,5
2105,120,0,4.7,-0.7983,813.87,-3.4952,0.000021416,0,3,0,3,5,0,10,3,0,5
2105,120,0,4.7,-0.78031,813.79,-3.4931,0.00001992,0,3,0,3,5,0,10,3,0,5
2105,40,0,4.7,-0.76281,813.72,-3.491,-0.00001857,0,3,0,3,5,0,10,3,0,2
2105.1,40,0,4.7,-0.74599,813.66,-3.4889,-0.000016387,0,3,0,3,5,0,10,3,0,2
2105.1,40,0,4.7,-0.73005,813.61,-3.4868,-0.000067341,0,3,0,4,5,0,10,3,0,2
2105.1,40,0,4.7,-0.71522,813.56,-3.4847,-0.000053482,0,3,0,4,5,0,10,3,0,2
2105.1,40,0,4.7,-0.70176,813.52,-3.4825,-0.000045019,0,3,0,4,5,0,10,3,0,2
2105.1,40,0,4.7,-0.68994,813.49,-3.4803,-0.000034594,0,3,0,4,5,0,10,3,0,2
2105.1,40,0,4.7,-0.67999,813.47,-3.4782,-0.000033835,0,3,0,4,5,0,10,3,0,2
2105.1,40,0,4.7,-0.67214,813.46,-3.476,-0.00002439,1,3,1,0,5,0,10,3,0,2
2105.1,40,0,4.7,-0.66654,813.45,-3.4738,-8.4651E-06,1,3,1,0,5,0,10,3,0,2
2105.1,40,0,4.7,-0.66325,813.45,-3.4716,-4.1229E-06,1,3,1,0,5,0,10,3,0,2
2105.1,40,0,4.7,-0.66226,813.46,-3.4694,2.2117E-07,1,3,1,0,5,0,10,3,0,2
2105.2,40,0,4.7,-0.66371,813.48,-3.4672,0,1,3,1,0,5,0,10,3,0,2
2105.2,40,0,4.7,-0.66711,813.5,-3.4649,-7.5839E-07,1,3,1,1,5,0,10,3,0,2
2105.2,40,0,4.7,-0.67213,813.53,-3.4627,-1.1734E-06,1,3,1,1,5,0,10,3,0,2
2105.2,40,0,4.7,-0.67839,813.57,-3.4604,8.1876E-06,1,3,1,1,5,0,10,3,0,2
2105.2,40,0,4.7,-0.68544,813.62,-3.4582,0.000013451,1,3,1,1,5,0,10,3,0,2
2105.2,40,0,4.7,-0.69283,813.67,-3.4559,0.000017979,1,3,1,1,5,0,10,3,0,2
2105.2,40,0,4.7,-0.70008,813.73,-3.4537,0.000017111,1,3,1,2,5,0,10,3,0,2
2105.2,40,0,4.7,-0.70678,813.78,-3.4514,0.000017224,1,3,1,2,5,0,10,3,0,2
2105.2,40,0,4.7,-0.71255,813.84,-3.4491,0.000022242,1,3,1,2,5,0,10,3,0,2
2105.2,40,0,4.7,-0.71708,813.89,-3.4468,0.000023091,1,3,1,2,5,0,10,3,0,2
2105.3,40,0,4.7,-0.72015,813.95,-3.4446,0.000021242,1,3,1,2,5,0,10,3,0,2
2105.3,40,0,4.7,-0.72163,814,-3.4423,0.000011783,1,3,0,3,5,0,10,3,0,2
2105.3,40,0,4.7,-0.72145,814.05,-3.44,0.000011557,1,3,0,3,5,0,10,3,0,2
2105.3,40,0,4.7,-0.71962,814.11,-3.4377,-2.4525E-06,1,3,0,3,5,0,10,3,0,2
2105.3,40,0,4.7,-0.71624,814.16,-3.435,-1.0036E-06,1,3,0,3,5,0,10,3,0,2
2105.3,40,0,4.7,-0.71141,814.22,-3.4327,3.0562E-07,1,3,0,3,5,0,10,3,0,2
2105.3,40,0,4.7,-0.70531,814.27,-3.4303,1.1206E-06,1,3,0,4,5,0,10,3,0,2
2105.3,40,0,4.7,-0.69813,814.33,-3.428,7.6405E-06,1,3,0,4,5,0,10,3,0,2
2105.3,40,0,4.7,-0.69007,814.38,-3.4257,0.000013659,1,3,0,4,5,0,10,3,0,2
2105.3,40,0,4.7,-0.68134,814.44,-3.4234,0.000024114,1,3,0,4,5,0,10,3,0,2
2105.4,40,0,4.7,-0.67218,814.5,-3.421,0.000028419,1,3,0,4,5,0,10,3,0,2
2105.4,40,0,4.7,-0.6628,814.56,-3.4187,0.000027053,2,3,2,0,5,0,10,3,0,2
2105.4,40,0,4.7,-0.65342,814.62,-3.4163,0.000030619,2,3,2,0,5,0,10,3,0,2
2105.4,40,0,4.7,-0.64427,814.68,-3.414,0.000006052,2,3,2,0,5,0,10,3,0,2
2105.4,40,0,4.7,-0.63554,814.75,-3.4116,7.1085E-06,2,3,2,0,5,0,10,3,0,2
2105.4,40,0,4.7,-0.62742,814.81,-3.4937,-8.7045E-06,2,3,2,0,5,0,10,3,0,2
2105.4,40,0,4.7,-0.62007,814.88,-3.4902,-8.3876E-06,2,3,1,1,5,0,10,3,0,2
2105.4,40,0,4.7,-0.61361,814.95,-3.4868,-0.000046484,2,3,1,1,5,0,10,3,0,2
2105.4,40,0,4.7,-0.60813,815.02,-3.4834,-0.000047597,2,3,1,1,5,0,10,3,0,2
2105.4,40,0,4.7,-0.60366,815.09,-3.48,-0.000049691,2,3,1,1,5,0,10,3,0,2
2105.5,40,0,4.7,-0.60018,815.17,-3.4765,-0.000046145,2,3,1,1,5,0,10,3,0,2
2105.5,40,0,4.7,-0.59762,815.24,-3.4731,-9.5006E-06,2,3,2,2,5,0,10,3,0,2
2105.5,40,0,4.7,-0.59588,815.32,-3.4697,-0.000010067,2,3,2,2,5,0,10,3,0,2
2105.5,40,0,4.7,-0.59479,815.4,-3.4663,-0.000030132,2,3,2,2,5,0,10,3,0,2
2105.5,40,0,4.7,-0.59419,815.48,-3.4629,-0.000030211,2,3,2,2,5,0,10,3,0,2
2105.5,40,0,4.7,-0.59388,815.56,-3.4596,-0.000010587,2,3,2,2,5,0,10,3,0,2
2105.5,40,0,4.7,-0.59368,815.65,-3.4562,-0.000010908,2,3,0,3,5,0,10,3,0,2
2105.5,40,0,4.7,-0.59341,815.73,-3.4528,-0.000032215,2,3,0,3,5,0,10,3,0,2
2105.5,40,0,4.7,-0.59293,815.82,-3.4494,-0.000031705,2,3,0,3,5,0,10,3,0,2
2105.6,40,0,4.7,-0.59214,815.91,-3.4461,0.000032667,2,3,0,3,5,0,10,3,0,2
2105.6,40,0,4.7,-0.59097,816,-3.4427,0.000034512,2,3,0,3,5,0,10,3,0,2
2105.6,40,0,4.7,-0.58943,816.09,-3.4394,0.000011432,2,3,0,4,5,0,10,3,0,2
2105.6,40,0,4.7,-0.58752,816.19,-3.436,0.000012244,2,3,0,4,5,0,10,3,0,2
2105.6,40,0,4.7,-0.58534,816.28,-3.4327,0.000013447,2,3,0,4,5,0,10,3,0,2
2105.6,40,0,4.7,-0.58298,816.38,-3.4294,0.000014062,2,3,0,4,5,0,10,3,0,2
2105.6,40,0,4.7,-0.58057,816.48,-3.4261,0.000013892,2,3,0,4,5,0,10,3,0,2
2105.6,40,0,4.7,-0.57825,816.58,-3.4228,0.000014851,3,3,2,0,5,0,10,3,0,2
2105.6,40,0,4.7,-0.57618,816.68,-3.4195,0.000015564,3,3,2,0,5,0,10,3,0,2
2105.6,40,0,4.7,-0.57449,816.79,-3.4162,0.000014511,3,3,2,0,5,0,10,3,0,2
2105.7,40,0,4.7,-0.5733,816.89,-3.413,0.000010663,3,3,2,0,5,0,10,3,0,2
2105.7,40,0,4.7,-0.57272,817,-3.4097,6.7651E-06,3,3,2,0,5,0,10,3,0,2
2105.7,40,0,4.7,-0.57253,817.11,-3.4064,0.00002611,3,3,2,1,5,0,10,3,0,2
2105.7,40,0,4.7,-0.57306,817.22,-3.4032,0.000024525,3,3,2,1,5,0,10,3,0,2
2105.7,40,0,4.7,-0.57424,817.33,-3.4001,-0.000012293,3,3,2,1,5,0,10,3,0,2
2105.7,40,0,4.7,-0.57618,817.45,-3.3969,-5.4559E-06,3,3,2,1,5,0,10,3,0,2
2105.7,40,0,4.7,-0.57866,817.56,-3.3936,2.5581E-06,3,3,2,1,5,0,10,3,0,2
2105.7,40,0,4.7,-0.5816,817.68,-3.3904,7.0406E-06,3,3,2,2,5,0,10,3,0,2
2105.7,40,0,4.7,-0.5849,817.8,-3.3872,9.1497E-06,3,3,2,2,5,0,10,3,0,2
2105.7,40,0,4.7,-0.58837,817.92,-3.384,7.3009E-06,3,3,2,2,5,0,10,3,0,2
2105.8,40,0,4.7,-0.59172,818.04,-3.3809,0.00000695,3,3,2,2,5,0,10,3,0,2
2105.8,40,0,4.7,-0.59492,818.16,-3.3777,7.7537E-06,3,3,2,2,5,0,10,3,0,2
2105.8,40,0,4.7,-0.59785,818.29,-3.3746,4.4371E-06,3,3,0,3,5,0,10,3,0,2
2105.8,40,0,4.7,-0.60038,818.42,-3.3715,2.5921E-06,3,3,0,3,5,0,10,3,0,2
2105.8,40,0,4.7,-0.6024,818.54,-3.3684,5.9049E-06,3,3,0,3,5,0,10,3,0,2
2105.8,40,0,4.7,-0.60389,818.67,-3.3653,5.5276E-06,3,3,0,3,5,0,10,3,0,2
2105.8,40,0,4.7,-0.60496,818.81,-3.3623,0,3,3,0,3,5,0,10,3,0,2
2105.8,40,0,4.7,-0.60559,818.94,-3.3592,-1.9934E-06,3,3,0,4,5,0,10,3,0,2
2105.8,40,0,4.7,-0.60588,819.07,-3.3562,-2.8096E-06,3,3,0,4,5,0,10,3,0,2
2105.8,40,0,4.7,-0.6057,819.21,-3.3532,-4.6559E-06,3,3,0,4,5,0,10,3,0,2
2105.8,40,0,4.7,-0.60563,819.35,-3.3502,1.6769E-06,3,3,0,4,5,0,10,3,0,2
2105.9,40,0,4.7,-0.60568,819.49,-3.3472,0.000001949,3,3,0,4,5,0,10,3,0,2
2105.9,40,0,4.7,-0.60605,819.63,-3.3442,0.000013803,4,3,3,0,5,0,10,3,0,2
2105.9,40,0,4.7,-0.60689,819.77,-3.3413,0.000017861,4,3,3,0,5,0,10,3,0,2
2105.9,40,0,4.7,-0.60801,819.9,-3.3384,0.000010944,4,3,3,0,5,0,10,3,0,2
2105.9,40,0,4.7,-0.60958,820.04,-3.3355,0.000011172,4,3,3,0,5,0,10,3,0,2
2105.9,40,0,4.7,-0.60083,820.18,-3.3326,-4.1922E-06,4,3,3,0,5,0,10,3,0,2
2105.9,40,0,4.7,-0.59226,820.32,-3.3297,-4.8567E-06,4,3,3,1,5,0,10,3,0,2
2105.9,40,0,4.7,-0.5837,820.46,-3.3268,-5.5702E-06,4,3,3,1,5,0,10,3,0,2
2105.9,40,0,4.7,-0.57494,820.6,-3.3085,-7.1176E-06,4,3,3,1,5,0,10,3,0,2
2105.9,40,0,4.7,-0.56579,820.73,-3.3362,8.4688E-06,4,3,3,1,5,0,10,3,0,2
2106,40,0,4.7,-0.55607,820.87,-3.3168,0.000008839,4,3,3,1,5,0,10,3,0,2
2106,40,0,4.7,-0.54561,821.01,-3.314,-9.1601E-06,4,3,2,2,5,0,10,3,0,2
2106,40,0,4.7,-0.53432,821.15,-3.3266,-0.000010609,4,3,2,2,5,0,10,3,0,2
2106,40,0,4.7,-0.52213,821.29,-3.324,-0.000036912,4,3,2,2,5,0,10,3,0,2
2106,40,0,4.7,-0.50905,821.42,-3.2878,-0.000039199,4,3,2,2,5,0,10,3,0,2
2106,40,0,4.7,-0.49514,821.55,-3.2946,-0.00004237,4,3,2,2,5,0,10,3,0,2
2106,40,0,4.7,-0.4805,821.67,-3.303,-0.000047895,4,3,0,3,5,0,10,3,0,2
2106,40,0,4.7,-0.46527,821.79,-3.3073,-0.000017561,4,3,0,3,5,0,10,3,0,2
2106,40,0,4.7,-0.4496,821.9,-3.2992,-0.000017784,4,3,0,3,5,0,10,3,0,2
2106.1,40,0,4.7,-0.43365,822,-3.2924,-0.000018253,4,3,0,3,5,0,10,3,0,2
2106.1,40,0,4.7,-0.41757,822.1,-3.3065,-0.000019064,4,3,0,3,5,0,10,3,0,2
2106.1,40,0,4.7,-0.40151,822.2,-3.2915,-0.000020268,4,3,0,4,5,0,10,3,0,2
2106.1,40,0,4.7,-0.38556,822.29,-3.2693,-0.00002059,4,3,0,4,5,0,10,3,0,2
2106.1,40,0,4.7,-0.3698,822.37,-3.1668,0.000021254,4,3,0,4,5,0,10,3,0,2
2106.1,40,0,4.7,-0.35427,822.45,-3.1893,0.000022311,4,3,0,4,5,0,10,3,0,2
2106.1,40,0,4.7,-0.33897,822.52,-3.1701,0.000067454,4,3,0,4,5,0,10,3,0,2
2106.1,40,0,4.7,-0.3239,822.59,-3.1744,0.000065622,5,3,4,0,5,0,10,3,0,2
2106.1,40,0,4.7,-0.30901,822.65,-3.1956,0.000022195,5,3,4,0,5,0,10,3,0,2
2106.1,40,0,4.7,-0.29425,822.71,-3.1556,0.000022075,5,3,4,0,5,0,10,3,0,2
2106.2,40,0,4.7,-0.27957,822.76,-3.1683,0.000064098,5,3,4,0,5,0,10,3,0,2
2106.2,40,0,4.7,-0.26491,822.81,0,0.000062559,5,3,4,0,5,0,10,3,0,2
2106.2,40,0,4.7,-0.25022,822.85,0,-0.000020831,5,3,4,1,5,0,10,3,0,2
2106.2,40,0,4.7,-0.23547,822.88,0,-0.000019975,5,3,4,1,5,0,10,3,0,2
2106.2,40,0,4.7,-0.22061,822.91,0,0.000055296,5,3,4,1,5,0,10,3,0,2
2106.2,40,0,4.7,-0.2057,822.93,0,0.000052139,5,3,4,1,5,0,10,3,0,2
2106.2,40,0,4.7,-0.19056,822.95,0,0.00001672,5,3,4,1,5,0,10,3,0,2
2106.2,40,0,4.7,-0.17538,822.96,0,0.000015422,5,3,3,2,5,0,10,3,0,2
2106.2,40,0,4.7,-0.16009,822.97,0,-0.000014125,5,3,3,2,5,0,10,3,0,2
2106.2,40,0,4.7,-0.1447,822.97,0,-0.00001322,5,3,3,2,5,0,10,3,0,2
2106.3,40,0,4.7,-0.12927,822.97,0,0.000035767,5,3,3,2,5,0,10,3,0,2
2106.3,40,0,4.7,-0.11397,822.96,0,0.000031727,5,3,3,2,5,0,10,3,0,2
2106.3,40,0,4.7,-0.098695,822.94,0,0.000010112,5,3,0,3,5,0,10,3,0,2
2106.3,40,0,4.7,-0.083492,822.92,0,9.3049E-06,5,3,0,3,5,0,10,3,0,2
2106.3,40,0,4.7,-0.068429,822.9,0,-8.2036E-06,5,3,0,3,5,0,10,3,0,2
2106.3,40,0,4.7,-0.053602,822.87,0,-7.3475E-06,5,3,0,3,5,0,10,3,0,2
2106.3,40,0,4.7,-0.039063,822.83,0,-6.8839E-06,5,3,0,3,5,0,10,3,0,2
2106.3,40,0,4.7,-0.024797,822.79,0,-0.000006224,5,3,0,4,5,0,10,3,0,2
2106.3,40,0,4.7,-0.010954,822.74,0,-0.000016104,5,3,0,4,5,0,10,3,0,2
2106.3,40,0,4.7,0.0023927,822.69,0,-0.000015007,5,3,0,4,5,0,10,3,0,2
2106.3,40,0,4.7,0.01493,822.63,0,-0.000014793,5,3,0,4,5,0,10,3,0,2
2106.4,40,0,4.7,0.027039,822.56,0,-0.000011931,5,3,0,4,5,0,10,3,0,2
